-- MariaDB dump 10.19  Distrib 10.5.11-MariaDB, for Win64 (AMD64)
--
-- Host: localhost    Database: ztxpj
-- ------------------------------------------------------
-- Server version	10.5.11-MariaDB

/*!40101 SET @OLD_CHARACTER_SET_CLIENT=@@CHARACTER_SET_CLIENT */;
/*!40101 SET @OLD_CHARACTER_SET_RESULTS=@@CHARACTER_SET_RESULTS */;
/*!40101 SET @OLD_COLLATION_CONNECTION=@@COLLATION_CONNECTION */;
/*!40101 SET NAMES utf8mb4 */;
/*!40103 SET @OLD_TIME_ZONE=@@TIME_ZONE */;
/*!40103 SET TIME_ZONE='+00:00' */;
/*!40014 SET @OLD_UNIQUE_CHECKS=@@UNIQUE_CHECKS, UNIQUE_CHECKS=0 */;
/*!40014 SET @OLD_FOREIGN_KEY_CHECKS=@@FOREIGN_KEY_CHECKS, FOREIGN_KEY_CHECKS=0 */;
/*!40101 SET @OLD_SQL_MODE=@@SQL_MODE, SQL_MODE='NO_AUTO_VALUE_ON_ZERO' */;
/*!40111 SET @OLD_SQL_NOTES=@@SQL_NOTES, SQL_NOTES=0 */;

--
-- Table structure for table `admin`
--

DROP TABLE IF EXISTS `admin`;
/*!40101 SET @saved_cs_client     = @@character_set_client */;
/*!40101 SET character_set_client = utf8 */;
CREATE TABLE `admin` (
  `id` int(11) NOT NULL AUTO_INCREMENT,
  `adminid` char(20) DEFAULT NULL,
  `pwd` varchar(20) DEFAULT NULL,
  `name` char(10) DEFAULT NULL,
  `membernum` char(20) DEFAULT NULL,
  `writeday` date DEFAULT NULL,
  PRIMARY KEY (`id`)
) ENGINE=InnoDB AUTO_INCREMENT=2 DEFAULT CHARSET=utf8;
/*!40101 SET character_set_client = @saved_cs_client */;

--
-- Dumping data for table `admin`
--

LOCK TABLES `admin` WRITE;
/*!40000 ALTER TABLE `admin` DISABLE KEYS */;
INSERT INTO `admin` VALUES (1,'administrator','123456','열차장','ZG00001','2003-10-05');
/*!40000 ALTER TABLE `admin` ENABLE KEYS */;
UNLOCK TABLES;

--
-- Table structure for table `inquiry`
--

DROP TABLE IF EXISTS `inquiry`;
/*!40101 SET @saved_cs_client     = @@character_set_client */;
/*!40101 SET character_set_client = utf8 */;
CREATE TABLE `inquiry` (
  `id` int(11) NOT NULL AUTO_INCREMENT,
  `userid` varchar(50) DEFAULT NULL,
  `name` varchar(100) NOT NULL,
  `ref` int(11) DEFAULT 0,
  `category` tinyint(4) NOT NULL DEFAULT 2,
  `title` varchar(100) NOT NULL,
  `content` text NOT NULL,
  `phone` varchar(20) NOT NULL,
  `pwd` varchar(100) DEFAULT NULL,
  `status` tinyint(4) NOT NULL DEFAULT 1,
  `writeday` date DEFAULT curdate(),
  PRIMARY KEY (`id`)
) ENGINE=InnoDB AUTO_INCREMENT=4 DEFAULT CHARSET=utf8;
/*!40101 SET character_set_client = @saved_cs_client */;

--
-- Dumping data for table `inquiry`
--

LOCK TABLES `inquiry` WRITE;
/*!40000 ALTER TABLE `inquiry` DISABLE KEYS */;
INSERT INTO `inquiry` VALUES (2,'asd1234','눈왕자',0,1,'좌석이 너무 불편하네요','좌석이 너무 불편하고 청결하지 못해요','010-1111-2222',NULL,1,'2025-03-07'),(3,'guest','박준혁',0,1,'청결하지 않아요','너무 청결하지 않네요','010-2222-2222','1234',1,'2025-03-07');
/*!40000 ALTER TABLE `inquiry` ENABLE KEYS */;
UNLOCK TABLES;

--
-- Table structure for table `reservlist`
--

DROP TABLE IF EXISTS `reservlist`;
/*!40101 SET @saved_cs_client     = @@character_set_client */;
/*!40101 SET character_set_client = utf8 */;
CREATE TABLE `reservlist` (
  `reservid` int(11) NOT NULL AUTO_INCREMENT,
  `routeid` int(11) NOT NULL,
  `routeDeparture` char(10) DEFAULT NULL,
  `routeArrival` char(10) DEFAULT NULL,
  `routeTime` datetime DEFAULT NULL,
  `routeArrivalTime` datetime DEFAULT NULL,
  `resnum` int(11) NOT NULL,
  `charge` int(11) DEFAULT 0,
  `payment` int(11) DEFAULT 0,
  `state` int(11) DEFAULT 0,
  `reservday` datetime DEFAULT NULL,
  `PNR` char(6) DEFAULT NULL,
  `userid` char(20) DEFAULT NULL,
  PRIMARY KEY (`reservid`)
) ENGINE=InnoDB AUTO_INCREMENT=14 DEFAULT CHARSET=utf8;
/*!40101 SET character_set_client = @saved_cs_client */;

--
-- Dumping data for table `reservlist`
--

LOCK TABLES `reservlist` WRITE;
/*!40000 ALTER TABLE `reservlist` DISABLE KEYS */;
INSERT INTO `reservlist` VALUES (1,2,'서울역','부산역','2025-03-07 09:00:00','2025-03-07 11:00:00',1,0,0,0,'2025-03-07 09:59:10','XWIF3J','superman'),(2,2,'서울역','부산역','2025-03-07 09:00:00','2025-03-07 11:00:00',1,0,0,0,'2025-03-07 10:06:07','NQ52EF','superman'),(3,2,'서울역','부산역','2025-03-07 09:00:00','2025-03-07 11:00:00',2,0,0,0,'2025-03-07 10:07:52','WH25VP','superman'),(4,2,'서울역','부산역','2025-03-07 09:00:00','2025-03-07 11:00:00',1,0,0,0,'2025-03-07 16:32:23','AXC74Z','superman'),(5,2,'서울역','부산역','2025-03-07 09:00:00','2025-03-07 11:00:00',1,0,0,0,'2025-03-07 16:40:32','0IFN3X','superman'),(6,2,'서울역','부산역','2025-03-07 09:00:00','2025-03-07 11:00:00',1,0,0,0,'2025-03-07 16:49:18','G5BF2L','superman'),(7,2,'서울역','부산역','2025-03-07 09:00:00','2025-03-07 11:00:00',1,0,0,0,'2025-03-07 14:27:50','0IR5O9','superman'),(11,2,'서울역','부산역','2025-03-07 09:00:00','2025-03-07 11:00:00',1,0,0,0,'2025-03-07 23:05:57','6F0J24',''),(12,16,'부산역','서울역','2025-03-07 15:00:00','2025-03-07 17:00:00',4,0,0,0,'2025-03-08 01:17:45','7GJNVM','superman'),(13,11,'광명역','강릉역','2025-03-07 13:30:00','2025-03-07 15:30:00',2,0,0,0,'2025-03-08 01:23:37','E6V3W9','superman');
/*!40000 ALTER TABLE `reservlist` ENABLE KEYS */;
UNLOCK TABLES;

--
-- Table structure for table `routes`
--

DROP TABLE IF EXISTS `routes`;
/*!40101 SET @saved_cs_client     = @@character_set_client */;
/*!40101 SET character_set_client = utf8 */;
CREATE TABLE `routes` (
  `routeid` int(11) NOT NULL AUTO_INCREMENT,
  `departure` char(10) DEFAULT NULL,
  `arrival` char(10) DEFAULT NULL,
  `departure_time` datetime DEFAULT NULL,
  `seat` int(11) DEFAULT 900,
  `arrival_time` datetime DEFAULT NULL,
  `trainid` int(11) DEFAULT NULL,
  PRIMARY KEY (`routeid`)
) ENGINE=InnoDB AUTO_INCREMENT=30 DEFAULT CHARSET=utf8;
/*!40101 SET character_set_client = @saved_cs_client */;

--
-- Dumping data for table `routes`
--

LOCK TABLES `routes` WRITE;
/*!40000 ALTER TABLE `routes` DISABLE KEYS */;
INSERT INTO `routes` VALUES (1,'서울역','부산역','2025-03-01 09:00:00',900,'2025-03-01 11:00:00',NULL),(2,'서울역','부산역','2025-03-07 09:00:00',891,'2025-03-07 11:00:00',2),(3,'서울역','목포역','2025-03-07 10:00:00',900,'2025-03-07 12:00:00',NULL),(4,'서울역','여수엑스포역','2025-03-07 11:00:00',900,'2025-03-07 13:00:00',NULL),(5,'서울역','마산역','2025-03-07 12:00:00',900,'2025-03-07 14:00:00',NULL),(6,'서울역','강릉역','2025-03-07 13:00:00',900,'2025-03-07 15:00:00',NULL),(7,'광명역','부산역','2025-03-07 09:30:00',900,'2025-03-07 11:30:00',NULL),(8,'광명역','목포역','2025-03-07 10:30:00',900,'2025-03-07 12:30:00',NULL),(9,'광명역','여수엑스포역','2025-03-07 11:30:00',900,'2025-03-07 13:30:00',NULL),(10,'광명역','마산역','2025-03-07 12:30:00',900,'2025-03-07 14:30:00',NULL),(11,'광명역','강릉역','2025-03-07 13:30:00',898,'2025-03-07 15:30:00',6),(12,'수서역','부산역','2025-03-07 09:00:00',900,'2025-03-07 11:00:00',NULL),(13,'수서역','목포역','2025-03-07 10:00:00',900,'2025-03-07 12:00:00',NULL),(14,'수서역','여수엑스포역','2025-03-07 11:00:00',900,'2025-03-07 13:00:00',NULL),(15,'청량리역','강릉역','2025-03-07 09:00:00',900,'2025-03-07 10:30:00',NULL),(16,'부산역','서울역','2025-03-07 15:00:00',896,'2025-03-07 17:00:00',16),(17,'목포역','서울역','2025-03-07 16:00:00',900,'2025-03-07 18:00:00',NULL),(18,'여수엑스포역','서울역','2025-03-07 17:00:00',900,'2025-03-07 19:00:00',NULL),(19,'마산역','서울역','2025-03-07 18:00:00',900,'2025-03-07 20:00:00',NULL),(20,'강릉역','서울역','2025-03-07 19:00:00',900,'2025-03-07 21:00:00',NULL),(21,'부산역','광명역','2025-03-07 15:30:00',900,'2025-03-07 17:30:00',NULL),(22,'목포역','광명역','2025-03-07 16:30:00',900,'2025-03-07 18:30:00',NULL),(23,'여수엑스포역','광명역','2025-03-07 17:30:00',900,'2025-03-07 19:30:00',NULL),(24,'마산역','광명역','2025-03-07 18:30:00',900,'2025-03-07 20:30:00',NULL),(25,'강릉역','광명역','2025-03-07 19:30:00',900,'2025-03-07 21:30:00',NULL),(26,'부산역','수서역','2025-03-07 15:00:00',900,'2025-03-07 17:00:00',NULL),(27,'목포역','수서역','2025-03-07 16:00:00',900,'2025-03-07 18:00:00',NULL),(28,'여수엑스포역','수서역','2025-03-07 17:00:00',900,'2025-03-07 19:00:00',NULL),(29,'강릉역','청량리역','2025-03-07 15:00:00',900,'2025-03-07 16:30:00',NULL);
/*!40000 ALTER TABLE `routes` ENABLE KEYS */;
UNLOCK TABLES;

--
-- Table structure for table `seates`
--

DROP TABLE IF EXISTS `seates`;
/*!40101 SET @saved_cs_client     = @@character_set_client */;
/*!40101 SET character_set_client = utf8 */;
CREATE TABLE `seates` (
  `seatid` int(11) NOT NULL AUTO_INCREMENT,
  `seatnum` char(5) DEFAULT NULL,
  PRIMARY KEY (`seatid`)
) ENGINE=InnoDB AUTO_INCREMENT=901 DEFAULT CHARSET=utf8;
/*!40101 SET character_set_client = @saved_cs_client */;

--
-- Dumping data for table `seates`
--

LOCK TABLES `seates` WRITE;
/*!40000 ALTER TABLE `seates` DISABLE KEYS */;
INSERT INTO `seates` VALUES (1,'01-01'),(2,'01-02'),(3,'01-03'),(4,'01-04'),(5,'01-05'),(6,'01-06'),(7,'01-07'),(8,'01-08'),(9,'01-09'),(10,'01-10'),(11,'01-11'),(12,'01-12'),(13,'01-13'),(14,'01-14'),(15,'01-15'),(16,'01-16'),(17,'01-17'),(18,'01-18'),(19,'01-19'),(20,'01-20'),(21,'01-21'),(22,'01-22'),(23,'01-23'),(24,'01-24'),(25,'01-25'),(26,'01-26'),(27,'01-27'),(28,'01-28'),(29,'01-29'),(30,'01-30'),(31,'01-31'),(32,'01-32'),(33,'01-33'),(34,'01-34'),(35,'01-35'),(36,'01-36'),(37,'01-37'),(38,'01-38'),(39,'01-39'),(40,'01-40'),(41,'01-41'),(42,'01-42'),(43,'01-43'),(44,'01-44'),(45,'01-45'),(46,'01-46'),(47,'01-47'),(48,'01-48'),(49,'01-49'),(50,'01-50'),(51,'02-01'),(52,'02-02'),(53,'02-03'),(54,'02-04'),(55,'02-05'),(56,'02-06'),(57,'02-07'),(58,'02-08'),(59,'02-09'),(60,'02-10'),(61,'02-11'),(62,'02-12'),(63,'02-13'),(64,'02-14'),(65,'02-15'),(66,'02-16'),(67,'02-17'),(68,'02-18'),(69,'02-19'),(70,'02-20'),(71,'02-21'),(72,'02-22'),(73,'02-23'),(74,'02-24'),(75,'02-25'),(76,'02-26'),(77,'02-27'),(78,'02-28'),(79,'02-29'),(80,'02-30'),(81,'02-31'),(82,'02-32'),(83,'02-33'),(84,'02-34'),(85,'02-35'),(86,'02-36'),(87,'02-37'),(88,'02-38'),(89,'02-39'),(90,'02-40'),(91,'02-41'),(92,'02-42'),(93,'02-43'),(94,'02-44'),(95,'02-45'),(96,'02-46'),(97,'02-47'),(98,'02-48'),(99,'02-49'),(100,'02-50'),(101,'03-01'),(102,'03-02'),(103,'03-03'),(104,'03-04'),(105,'03-05'),(106,'03-06'),(107,'03-07'),(108,'03-08'),(109,'03-09'),(110,'03-10'),(111,'03-11'),(112,'03-12'),(113,'03-13'),(114,'03-14'),(115,'03-15'),(116,'03-16'),(117,'03-17'),(118,'03-18'),(119,'03-19'),(120,'03-20'),(121,'03-21'),(122,'03-22'),(123,'03-23'),(124,'03-24'),(125,'03-25'),(126,'03-26'),(127,'03-27'),(128,'03-28'),(129,'03-29'),(130,'03-30'),(131,'03-31'),(132,'03-32'),(133,'03-33'),(134,'03-34'),(135,'03-35'),(136,'03-36'),(137,'03-37'),(138,'03-38'),(139,'03-39'),(140,'03-40'),(141,'03-41'),(142,'03-42'),(143,'03-43'),(144,'03-44'),(145,'03-45'),(146,'03-46'),(147,'03-47'),(148,'03-48'),(149,'03-49'),(150,'03-50'),(151,'04-01'),(152,'04-02'),(153,'04-03'),(154,'04-04'),(155,'04-05'),(156,'04-06'),(157,'04-07'),(158,'04-08'),(159,'04-09'),(160,'04-10'),(161,'04-11'),(162,'04-12'),(163,'04-13'),(164,'04-14'),(165,'04-15'),(166,'04-16'),(167,'04-17'),(168,'04-18'),(169,'04-19'),(170,'04-20'),(171,'04-21'),(172,'04-22'),(173,'04-23'),(174,'04-24'),(175,'04-25'),(176,'04-26'),(177,'04-27'),(178,'04-28'),(179,'04-29'),(180,'04-30'),(181,'04-31'),(182,'04-32'),(183,'04-33'),(184,'04-34'),(185,'04-35'),(186,'04-36'),(187,'04-37'),(188,'04-38'),(189,'04-39'),(190,'04-40'),(191,'04-41'),(192,'04-42'),(193,'04-43'),(194,'04-44'),(195,'04-45'),(196,'04-46'),(197,'04-47'),(198,'04-48'),(199,'04-49'),(200,'04-50'),(201,'05-01'),(202,'05-02'),(203,'05-03'),(204,'05-04'),(205,'05-05'),(206,'05-06'),(207,'05-07'),(208,'05-08'),(209,'05-09'),(210,'05-10'),(211,'05-11'),(212,'05-12'),(213,'05-13'),(214,'05-14'),(215,'05-15'),(216,'05-16'),(217,'05-17'),(218,'05-18'),(219,'05-19'),(220,'05-20'),(221,'05-21'),(222,'05-22'),(223,'05-23'),(224,'05-24'),(225,'05-25'),(226,'05-26'),(227,'05-27'),(228,'05-28'),(229,'05-29'),(230,'05-30'),(231,'05-31'),(232,'05-32'),(233,'05-33'),(234,'05-34'),(235,'05-35'),(236,'05-36'),(237,'05-37'),(238,'05-38'),(239,'05-39'),(240,'05-40'),(241,'05-41'),(242,'05-42'),(243,'05-43'),(244,'05-44'),(245,'05-45'),(246,'05-46'),(247,'05-47'),(248,'05-48'),(249,'05-49'),(250,'05-50'),(251,'06-01'),(252,'06-02'),(253,'06-03'),(254,'06-04'),(255,'06-05'),(256,'06-06'),(257,'06-07'),(258,'06-08'),(259,'06-09'),(260,'06-10'),(261,'06-11'),(262,'06-12'),(263,'06-13'),(264,'06-14'),(265,'06-15'),(266,'06-16'),(267,'06-17'),(268,'06-18'),(269,'06-19'),(270,'06-20'),(271,'06-21'),(272,'06-22'),(273,'06-23'),(274,'06-24'),(275,'06-25'),(276,'06-26'),(277,'06-27'),(278,'06-28'),(279,'06-29'),(280,'06-30'),(281,'06-31'),(282,'06-32'),(283,'06-33'),(284,'06-34'),(285,'06-35'),(286,'06-36'),(287,'06-37'),(288,'06-38'),(289,'06-39'),(290,'06-40'),(291,'06-41'),(292,'06-42'),(293,'06-43'),(294,'06-44'),(295,'06-45'),(296,'06-46'),(297,'06-47'),(298,'06-48'),(299,'06-49'),(300,'06-50'),(301,'07-01'),(302,'07-02'),(303,'07-03'),(304,'07-04'),(305,'07-05'),(306,'07-06'),(307,'07-07'),(308,'07-08'),(309,'07-09'),(310,'07-10'),(311,'07-11'),(312,'07-12'),(313,'07-13'),(314,'07-14'),(315,'07-15'),(316,'07-16'),(317,'07-17'),(318,'07-18'),(319,'07-19'),(320,'07-20'),(321,'07-21'),(322,'07-22'),(323,'07-23'),(324,'07-24'),(325,'07-25'),(326,'07-26'),(327,'07-27'),(328,'07-28'),(329,'07-29'),(330,'07-30'),(331,'07-31'),(332,'07-32'),(333,'07-33'),(334,'07-34'),(335,'07-35'),(336,'07-36'),(337,'07-37'),(338,'07-38'),(339,'07-39'),(340,'07-40'),(341,'07-41'),(342,'07-42'),(343,'07-43'),(344,'07-44'),(345,'07-45'),(346,'07-46'),(347,'07-47'),(348,'07-48'),(349,'07-49'),(350,'07-50'),(351,'08-01'),(352,'08-02'),(353,'08-03'),(354,'08-04'),(355,'08-05'),(356,'08-06'),(357,'08-07'),(358,'08-08'),(359,'08-09'),(360,'08-10'),(361,'08-11'),(362,'08-12'),(363,'08-13'),(364,'08-14'),(365,'08-15'),(366,'08-16'),(367,'08-17'),(368,'08-18'),(369,'08-19'),(370,'08-20'),(371,'08-21'),(372,'08-22'),(373,'08-23'),(374,'08-24'),(375,'08-25'),(376,'08-26'),(377,'08-27'),(378,'08-28'),(379,'08-29'),(380,'08-30'),(381,'08-31'),(382,'08-32'),(383,'08-33'),(384,'08-34'),(385,'08-35'),(386,'08-36'),(387,'08-37'),(388,'08-38'),(389,'08-39'),(390,'08-40'),(391,'08-41'),(392,'08-42'),(393,'08-43'),(394,'08-44'),(395,'08-45'),(396,'08-46'),(397,'08-47'),(398,'08-48'),(399,'08-49'),(400,'08-50'),(401,'09-01'),(402,'09-02'),(403,'09-03'),(404,'09-04'),(405,'09-05'),(406,'09-06'),(407,'09-07'),(408,'09-08'),(409,'09-09'),(410,'09-10'),(411,'09-11'),(412,'09-12'),(413,'09-13'),(414,'09-14'),(415,'09-15'),(416,'09-16'),(417,'09-17'),(418,'09-18'),(419,'09-19'),(420,'09-20'),(421,'09-21'),(422,'09-22'),(423,'09-23'),(424,'09-24'),(425,'09-25'),(426,'09-26'),(427,'09-27'),(428,'09-28'),(429,'09-29'),(430,'09-30'),(431,'09-31'),(432,'09-32'),(433,'09-33'),(434,'09-34'),(435,'09-35'),(436,'09-36'),(437,'09-37'),(438,'09-38'),(439,'09-39'),(440,'09-40'),(441,'09-41'),(442,'09-42'),(443,'09-43'),(444,'09-44'),(445,'09-45'),(446,'09-46'),(447,'09-47'),(448,'09-48'),(449,'09-49'),(450,'09-50'),(451,'10-01'),(452,'10-02'),(453,'10-03'),(454,'10-04'),(455,'10-05'),(456,'10-06'),(457,'10-07'),(458,'10-08'),(459,'10-09'),(460,'10-10'),(461,'10-11'),(462,'10-12'),(463,'10-13'),(464,'10-14'),(465,'10-15'),(466,'10-16'),(467,'10-17'),(468,'10-18'),(469,'10-19'),(470,'10-20'),(471,'10-21'),(472,'10-22'),(473,'10-23'),(474,'10-24'),(475,'10-25'),(476,'10-26'),(477,'10-27'),(478,'10-28'),(479,'10-29'),(480,'10-30'),(481,'10-31'),(482,'10-32'),(483,'10-33'),(484,'10-34'),(485,'10-35'),(486,'10-36'),(487,'10-37'),(488,'10-38'),(489,'10-39'),(490,'10-40'),(491,'10-41'),(492,'10-42'),(493,'10-43'),(494,'10-44'),(495,'10-45'),(496,'10-46'),(497,'10-47'),(498,'10-48'),(499,'10-49'),(500,'10-50'),(501,'11-01'),(502,'11-02'),(503,'11-03'),(504,'11-04'),(505,'11-05'),(506,'11-06'),(507,'11-07'),(508,'11-08'),(509,'11-09'),(510,'11-10'),(511,'11-11'),(512,'11-12'),(513,'11-13'),(514,'11-14'),(515,'11-15'),(516,'11-16'),(517,'11-17'),(518,'11-18'),(519,'11-19'),(520,'11-20'),(521,'11-21'),(522,'11-22'),(523,'11-23'),(524,'11-24'),(525,'11-25'),(526,'11-26'),(527,'11-27'),(528,'11-28'),(529,'11-29'),(530,'11-30'),(531,'11-31'),(532,'11-32'),(533,'11-33'),(534,'11-34'),(535,'11-35'),(536,'11-36'),(537,'11-37'),(538,'11-38'),(539,'11-39'),(540,'11-40'),(541,'11-41'),(542,'11-42'),(543,'11-43'),(544,'11-44'),(545,'11-45'),(546,'11-46'),(547,'11-47'),(548,'11-48'),(549,'11-49'),(550,'11-50'),(551,'12-01'),(552,'12-02'),(553,'12-03'),(554,'12-04'),(555,'12-05'),(556,'12-06'),(557,'12-07'),(558,'12-08'),(559,'12-09'),(560,'12-10'),(561,'12-11'),(562,'12-12'),(563,'12-13'),(564,'12-14'),(565,'12-15'),(566,'12-16'),(567,'12-17'),(568,'12-18'),(569,'12-19'),(570,'12-20'),(571,'12-21'),(572,'12-22'),(573,'12-23'),(574,'12-24'),(575,'12-25'),(576,'12-26'),(577,'12-27'),(578,'12-28'),(579,'12-29'),(580,'12-30'),(581,'12-31'),(582,'12-32'),(583,'12-33'),(584,'12-34'),(585,'12-35'),(586,'12-36'),(587,'12-37'),(588,'12-38'),(589,'12-39'),(590,'12-40'),(591,'12-41'),(592,'12-42'),(593,'12-43'),(594,'12-44'),(595,'12-45'),(596,'12-46'),(597,'12-47'),(598,'12-48'),(599,'12-49'),(600,'12-50'),(601,'13-01'),(602,'13-02'),(603,'13-03'),(604,'13-04'),(605,'13-05'),(606,'13-06'),(607,'13-07'),(608,'13-08'),(609,'13-09'),(610,'13-10'),(611,'13-11'),(612,'13-12'),(613,'13-13'),(614,'13-14'),(615,'13-15'),(616,'13-16'),(617,'13-17'),(618,'13-18'),(619,'13-19'),(620,'13-20'),(621,'13-21'),(622,'13-22'),(623,'13-23'),(624,'13-24'),(625,'13-25'),(626,'13-26'),(627,'13-27'),(628,'13-28'),(629,'13-29'),(630,'13-30'),(631,'13-31'),(632,'13-32'),(633,'13-33'),(634,'13-34'),(635,'13-35'),(636,'13-36'),(637,'13-37'),(638,'13-38'),(639,'13-39'),(640,'13-40'),(641,'13-41'),(642,'13-42'),(643,'13-43'),(644,'13-44'),(645,'13-45'),(646,'13-46'),(647,'13-47'),(648,'13-48'),(649,'13-49'),(650,'13-50'),(651,'14-01'),(652,'14-02'),(653,'14-03'),(654,'14-04'),(655,'14-05'),(656,'14-06'),(657,'14-07'),(658,'14-08'),(659,'14-09'),(660,'14-10'),(661,'14-11'),(662,'14-12'),(663,'14-13'),(664,'14-14'),(665,'14-15'),(666,'14-16'),(667,'14-17'),(668,'14-18'),(669,'14-19'),(670,'14-20'),(671,'14-21'),(672,'14-22'),(673,'14-23'),(674,'14-24'),(675,'14-25'),(676,'14-26'),(677,'14-27'),(678,'14-28'),(679,'14-29'),(680,'14-30'),(681,'14-31'),(682,'14-32'),(683,'14-33'),(684,'14-34'),(685,'14-35'),(686,'14-36'),(687,'14-37'),(688,'14-38'),(689,'14-39'),(690,'14-40'),(691,'14-41'),(692,'14-42'),(693,'14-43'),(694,'14-44'),(695,'14-45'),(696,'14-46'),(697,'14-47'),(698,'14-48'),(699,'14-49'),(700,'14-50'),(701,'15-01'),(702,'15-02'),(703,'15-03'),(704,'15-04'),(705,'15-05'),(706,'15-06'),(707,'15-07'),(708,'15-08'),(709,'15-09'),(710,'15-10'),(711,'15-11'),(712,'15-12'),(713,'15-13'),(714,'15-14'),(715,'15-15'),(716,'15-16'),(717,'15-17'),(718,'15-18'),(719,'15-19'),(720,'15-20'),(721,'15-21'),(722,'15-22'),(723,'15-23'),(724,'15-24'),(725,'15-25'),(726,'15-26'),(727,'15-27'),(728,'15-28'),(729,'15-29'),(730,'15-30'),(731,'15-31'),(732,'15-32'),(733,'15-33'),(734,'15-34'),(735,'15-35'),(736,'15-36'),(737,'15-37'),(738,'15-38'),(739,'15-39'),(740,'15-40'),(741,'15-41'),(742,'15-42'),(743,'15-43'),(744,'15-44'),(745,'15-45'),(746,'15-46'),(747,'15-47'),(748,'15-48'),(749,'15-49'),(750,'15-50'),(751,'16-01'),(752,'16-02'),(753,'16-03'),(754,'16-04'),(755,'16-05'),(756,'16-06'),(757,'16-07'),(758,'16-08'),(759,'16-09'),(760,'16-10'),(761,'16-11'),(762,'16-12'),(763,'16-13'),(764,'16-14'),(765,'16-15'),(766,'16-16'),(767,'16-17'),(768,'16-18'),(769,'16-19'),(770,'16-20'),(771,'16-21'),(772,'16-22'),(773,'16-23'),(774,'16-24'),(775,'16-25'),(776,'16-26'),(777,'16-27'),(778,'16-28'),(779,'16-29'),(780,'16-30'),(781,'16-31'),(782,'16-32'),(783,'16-33'),(784,'16-34'),(785,'16-35'),(786,'16-36'),(787,'16-37'),(788,'16-38'),(789,'16-39'),(790,'16-40'),(791,'16-41'),(792,'16-42'),(793,'16-43'),(794,'16-44'),(795,'16-45'),(796,'16-46'),(797,'16-47'),(798,'16-48'),(799,'16-49'),(800,'16-50'),(801,'17-01'),(802,'17-02'),(803,'17-03'),(804,'17-04'),(805,'17-05'),(806,'17-06'),(807,'17-07'),(808,'17-08'),(809,'17-09'),(810,'17-10'),(811,'17-11'),(812,'17-12'),(813,'17-13'),(814,'17-14'),(815,'17-15'),(816,'17-16'),(817,'17-17'),(818,'17-18'),(819,'17-19'),(820,'17-20'),(821,'17-21'),(822,'17-22'),(823,'17-23'),(824,'17-24'),(825,'17-25'),(826,'17-26'),(827,'17-27'),(828,'17-28'),(829,'17-29'),(830,'17-30'),(831,'17-31'),(832,'17-32'),(833,'17-33'),(834,'17-34'),(835,'17-35'),(836,'17-36'),(837,'17-37'),(838,'17-38'),(839,'17-39'),(840,'17-40'),(841,'17-41'),(842,'17-42'),(843,'17-43'),(844,'17-44'),(845,'17-45'),(846,'17-46'),(847,'17-47'),(848,'17-48'),(849,'17-49'),(850,'17-50'),(851,'18-01'),(852,'18-02'),(853,'18-03'),(854,'18-04'),(855,'18-05'),(856,'18-06'),(857,'18-07'),(858,'18-08'),(859,'18-09'),(860,'18-10'),(861,'18-11'),(862,'18-12'),(863,'18-13'),(864,'18-14'),(865,'18-15'),(866,'18-16'),(867,'18-17'),(868,'18-18'),(869,'18-19'),(870,'18-20'),(871,'18-21'),(872,'18-22'),(873,'18-23'),(874,'18-24'),(875,'18-25'),(876,'18-26'),(877,'18-27'),(878,'18-28'),(879,'18-29'),(880,'18-30'),(881,'18-31'),(882,'18-32'),(883,'18-33'),(884,'18-34'),(885,'18-35'),(886,'18-36'),(887,'18-37'),(888,'18-38'),(889,'18-39'),(890,'18-40'),(891,'18-41'),(892,'18-42'),(893,'18-43'),(894,'18-44'),(895,'18-45'),(896,'18-46'),(897,'18-47'),(898,'18-48'),(899,'18-49'),(900,'18-50');
/*!40000 ALTER TABLE `seates` ENABLE KEYS */;
UNLOCK TABLES;

--
-- Table structure for table `stations`
--

DROP TABLE IF EXISTS `stations`;
/*!40101 SET @saved_cs_client     = @@character_set_client */;
/*!40101 SET character_set_client = utf8 */;
CREATE TABLE `stations` (
  `id` int(11) NOT NULL AUTO_INCREMENT,
  `stationName` char(10) DEFAULT NULL,
  `location` char(10) DEFAULT NULL,
  `line` char(10) DEFAULT NULL,
  PRIMARY KEY (`id`)
) ENGINE=InnoDB AUTO_INCREMENT=20 DEFAULT CHARSET=utf8;
/*!40101 SET character_set_client = @saved_cs_client */;

--
-- Dumping data for table `stations`
--

LOCK TABLES `stations` WRITE;
/*!40000 ALTER TABLE `stations` DISABLE KEYS */;
INSERT INTO `stations` VALUES (1,'서울역','서울','경부선'),(2,'광명역','경기도 광명','경부선'),(3,'수원역','경기도 수원','경부선'),(4,'천안아산역','충청남도 천안','경부선'),(5,'오송역','충청북도 청주','경부선'),(6,'대전역','대전','경부선'),(7,'원주역','강원도 원주','강릉선'),(8,'춘천역','강원도 춘천','강릉선'),(9,'강릉역','강원도 강릉','강릉선'),(10,'익산역','전라북도 익산','호남선'),(11,'김천역','경상북도 김천','경북선'),(12,'동대구역','대구','경부선'),(13,'광주송정역','광주','호남선'),(14,'목포역','전라남도 목포','호남선'),(15,'순천역','전라남도 순천','호남선'),(16,'여수엑스포역','전라남도 여수','호남선'),(17,'울산역','울산','경부선'),(18,'부산역','부산','경부선'),(19,'진주역','경상남도 진주','경전선');
/*!40000 ALTER TABLE `stations` ENABLE KEYS */;
UNLOCK TABLES;

--
-- Table structure for table `traines`
--

DROP TABLE IF EXISTS `traines`;
/*!40101 SET @saved_cs_client     = @@character_set_client */;
/*!40101 SET character_set_client = utf8 */;
CREATE TABLE `traines` (
  `trainid` int(11) NOT NULL AUTO_INCREMENT,
  `model` char(20) DEFAULT NULL,
  `capa` int(11) DEFAULT 900,
  `depot` char(20) DEFAULT NULL,
  PRIMARY KEY (`trainid`)
) ENGINE=InnoDB AUTO_INCREMENT=91 DEFAULT CHARSET=utf8;
/*!40101 SET character_set_client = @saved_cs_client */;

--
-- Dumping data for table `traines`
--

LOCK TABLES `traines` WRITE;
/*!40000 ALTER TABLE `traines` DISABLE KEYS */;
INSERT INTO `traines` VALUES (1,'ZTX-은하1호',900,'서울역'),(2,'ZTX-은하2호',900,'서울역'),(3,'ZTX-은하3호',900,'서울역'),(4,'ZTX-은하4호',900,'서울역'),(5,'ZTX-은하5호',900,'서울역'),(6,'ZTX-은하6호',900,'광명역'),(7,'ZTX-은하7호',900,'광명역'),(8,'ZTX-은하8호',900,'광명역'),(9,'ZTX-은하9호',900,'광명역'),(10,'ZTX-은하10호',900,'광명역'),(11,'ZTX-은하11호',900,'수서역'),(12,'ZTX-은하12호',900,'수서역'),(13,'ZTX-은하13호',900,'수서역'),(14,'ZTX-은하14호',900,'수서역'),(15,'ZTX-은하15호',900,'수서역'),(16,'ZTX-은하16호',900,'부산역'),(17,'ZTX-은하17호',900,'부산역'),(18,'ZTX-은하18호',900,'부산역'),(19,'ZTX-은하19호',900,'부산역'),(20,'ZTX-은하20호',900,'부산역'),(21,'ZTX-은하21호',900,'청량리역'),(22,'ZTX-은하22호',900,'청량리역'),(23,'ZTX-은하23호',900,'청량리역'),(24,'ZTX-은하24호',900,'청량리역'),(25,'ZTX-은하25호',900,'청량리역'),(26,'ZTX-은하26호',900,'목포역'),(27,'ZTX-은하27호',900,'목포역'),(28,'ZTX-은하28호',900,'목포역'),(29,'ZTX-은하29호',900,'목포역'),(30,'ZTX-은하30호',900,'목포역'),(31,'ZTX-은하31호',900,'여수엑스포역'),(32,'ZTX-은하32호',900,'여수엑스포역'),(33,'ZTX-은하33호',900,'여수엑스포역'),(34,'ZTX-은하34호',900,'여수엑스포역'),(35,'ZTX-은하35호',900,'여수엑스포역'),(36,'ZTX-은하36호',900,'마산역'),(37,'ZTX-은하37호',900,'마산역'),(38,'ZTX-은하38호',900,'마산역'),(39,'ZTX-은하39호',900,'마산역'),(40,'ZTX-은하40호',900,'마산역'),(41,'ZTX-은하41호',900,'강릉역'),(42,'ZTX-은하42호',900,'강릉역'),(43,'ZTX-은하43호',900,'강릉역'),(44,'ZTX-은하44호',900,'강릉역'),(45,'ZTX-은하45호',900,'강릉역'),(46,'ZTX-은하46호',900,'서울역'),(47,'ZTX-은하47호',900,'서울역'),(48,'ZTX-은하48호',900,'서울역'),(49,'ZTX-은하49호',900,'서울역'),(50,'ZTX-은하50호',900,'서울역'),(51,'ZTX-은하51호',900,'서울역'),(52,'ZTX-은하52호',900,'서울역'),(53,'ZTX-은하53호',900,'서울역'),(54,'ZTX-은하54호',900,'서울역'),(55,'ZTX-은하55호',900,'서울역'),(56,'ZTX-은하56호',900,'광명역'),(57,'ZTX-은하57호',900,'광명역'),(58,'ZTX-은하58호',900,'광명역'),(59,'ZTX-은하59호',900,'광명역'),(60,'ZTX-은하60호',900,'광명역'),(61,'ZTX-은하61호',900,'광명역'),(62,'ZTX-은하62호',900,'광명역'),(63,'ZTX-은하63호',900,'광명역'),(64,'ZTX-은하64호',900,'광명역'),(65,'ZTX-은하65호',900,'광명역'),(66,'ZTX-은하66호',900,'수서역'),(67,'ZTX-은하67호',900,'수서역'),(68,'ZTX-은하68호',900,'수서역'),(69,'ZTX-은하69호',900,'수서역'),(70,'ZTX-은하70호',900,'수서역'),(71,'ZTX-은하71호',900,'수서역'),(72,'ZTX-은하72호',900,'수서역'),(73,'ZTX-은하73호',900,'수서역'),(74,'ZTX-은하74호',900,'수서역'),(75,'ZTX-은하75호',900,'수서역'),(76,'ZTX-은하76호',900,'부산역'),(77,'ZTX-은하77호',900,'부산역'),(78,'ZTX-은하78호',900,'부산역'),(79,'ZTX-은하79호',900,'부산역'),(80,'ZTX-은하80호',900,'부산역'),(81,'ZTX-은하81호',900,'부산역'),(82,'ZTX-은하82호',900,'부산역'),(83,'ZTX-은하83호',900,'부산역'),(84,'ZTX-은하84호',900,'부산역'),(85,'ZTX-은하85호',900,'부산역'),(86,'ZTX-은하86호',900,'청량리역'),(87,'ZTX-은하87호',900,'청량리역'),(88,'ZTX-은하88호',900,'청량리역'),(89,'ZTX-은하89호',900,'청량리역'),(90,'ZTX-은하90호',900,'청량리역');
/*!40000 ALTER TABLE `traines` ENABLE KEYS */;
UNLOCK TABLES;

--
-- Table structure for table `trainseat`
--

DROP TABLE IF EXISTS `trainseat`;
/*!40101 SET @saved_cs_client     = @@character_set_client */;
/*!40101 SET character_set_client = utf8 */;
CREATE TABLE `trainseat` (
  `tseatid` int(11) NOT NULL AUTO_INCREMENT,
  `routeid` int(11) DEFAULT NULL,
  `seatid` int(11) DEFAULT NULL,
  `seatnum` char(5) DEFAULT NULL,
  `reserv` int(11) DEFAULT 1,
  `resid` int(11) DEFAULT NULL,
  PRIMARY KEY (`tseatid`)
) ENGINE=InnoDB AUTO_INCREMENT=2947 DEFAULT CHARSET=utf8;
/*!40101 SET character_set_client = @saved_cs_client */;

--
-- Dumping data for table `trainseat`
--

LOCK TABLES `trainseat` WRITE;
/*!40000 ALTER TABLE `trainseat` DISABLE KEYS */;
INSERT INTO `trainseat` VALUES (1,2,1,'01-01',0,2),(2,2,2,'01-02',0,11),(3,2,3,'01-03',1,NULL),(4,2,4,'01-04',1,NULL),(5,2,5,'01-05',0,9),(6,2,6,'01-06',0,8),(7,2,7,'01-07',0,3),(8,2,8,'01-08',0,3),(9,2,9,'01-09',1,NULL),(10,2,10,'01-10',1,NULL),(11,2,11,'01-11',1,NULL),(12,2,12,'01-12',0,7),(13,2,13,'01-13',1,NULL),(14,2,14,'01-14',1,NULL),(15,2,15,'01-15',1,NULL),(16,2,16,'01-16',1,NULL),(17,2,17,'01-17',1,NULL),(18,2,18,'01-18',1,NULL),(19,2,19,'01-19',1,NULL),(20,2,20,'01-20',1,NULL),(21,2,21,'01-21',1,NULL),(22,2,22,'01-22',1,NULL),(23,2,23,'01-23',1,NULL),(24,2,24,'01-24',1,NULL),(25,2,25,'01-25',1,NULL),(26,2,26,'01-26',1,NULL),(27,2,27,'01-27',1,NULL),(28,2,28,'01-28',1,NULL),(29,2,29,'01-29',1,NULL),(30,2,30,'01-30',1,NULL),(31,2,31,'01-31',1,NULL),(32,2,32,'01-32',1,NULL),(33,2,33,'01-33',1,NULL),(34,2,34,'01-34',1,NULL),(35,2,35,'01-35',1,NULL),(36,2,36,'01-36',1,NULL),(37,2,37,'01-37',1,NULL),(38,2,38,'01-38',1,NULL),(39,2,39,'01-39',1,NULL),(40,2,40,'01-40',1,NULL),(41,2,41,'01-41',1,NULL),(42,2,42,'01-42',1,NULL),(43,2,43,'01-43',1,NULL),(44,2,44,'01-44',1,NULL),(45,2,45,'01-45',1,NULL),(46,2,46,'01-46',1,NULL),(47,2,47,'01-47',1,NULL),(48,2,48,'01-48',1,NULL),(49,2,49,'01-49',0,10),(50,2,50,'01-50',0,1),(51,2,51,'02-01',1,NULL),(52,2,52,'02-02',1,NULL),(53,2,53,'02-03',1,NULL),(54,2,54,'02-04',1,NULL),(55,2,55,'02-05',1,NULL),(56,2,56,'02-06',1,NULL),(57,2,57,'02-07',1,NULL),(58,2,58,'02-08',1,NULL),(59,2,59,'02-09',1,NULL),(60,2,60,'02-10',1,NULL),(61,2,61,'02-11',1,NULL),(62,2,62,'02-12',1,NULL),(63,2,63,'02-13',1,NULL),(64,2,64,'02-14',1,NULL),(65,2,65,'02-15',1,NULL),(66,2,66,'02-16',1,NULL),(67,2,67,'02-17',1,NULL),(68,2,68,'02-18',1,NULL),(69,2,69,'02-19',1,NULL),(70,2,70,'02-20',1,NULL),(71,2,71,'02-21',1,NULL),(72,2,72,'02-22',1,NULL),(73,2,73,'02-23',1,NULL),(74,2,74,'02-24',1,NULL),(75,2,75,'02-25',1,NULL),(76,2,76,'02-26',1,NULL),(77,2,77,'02-27',1,NULL),(78,2,78,'02-28',1,NULL),(79,2,79,'02-29',1,NULL),(80,2,80,'02-30',1,NULL),(81,2,81,'02-31',1,NULL),(82,2,82,'02-32',1,NULL),(83,2,83,'02-33',1,NULL),(84,2,84,'02-34',1,NULL),(85,2,85,'02-35',1,NULL),(86,2,86,'02-36',1,NULL),(87,2,87,'02-37',1,NULL),(88,2,88,'02-38',1,NULL),(89,2,89,'02-39',1,NULL),(90,2,90,'02-40',1,NULL),(91,2,91,'02-41',1,NULL),(92,2,92,'02-42',1,NULL),(93,2,93,'02-43',1,NULL),(94,2,94,'02-44',1,NULL),(95,2,95,'02-45',1,NULL),(96,2,96,'02-46',1,NULL),(97,2,97,'02-47',1,NULL),(98,2,98,'02-48',1,NULL),(99,2,99,'02-49',1,NULL),(100,2,100,'02-50',1,NULL),(101,2,101,'03-01',1,NULL),(102,2,102,'03-02',1,NULL),(103,2,103,'03-03',1,NULL),(104,2,104,'03-04',1,NULL),(105,2,105,'03-05',1,NULL),(106,2,106,'03-06',1,NULL),(107,2,107,'03-07',1,NULL),(108,2,108,'03-08',1,NULL),(109,2,109,'03-09',1,NULL),(110,2,110,'03-10',1,NULL),(111,2,111,'03-11',1,NULL),(112,2,112,'03-12',1,NULL),(113,2,113,'03-13',1,NULL),(114,2,114,'03-14',1,NULL),(115,2,115,'03-15',1,NULL),(116,2,116,'03-16',1,NULL),(117,2,117,'03-17',1,NULL),(118,2,118,'03-18',1,NULL),(119,2,119,'03-19',1,NULL),(120,2,120,'03-20',1,NULL),(121,2,121,'03-21',1,NULL),(122,2,122,'03-22',1,NULL),(123,2,123,'03-23',1,NULL),(124,2,124,'03-24',1,NULL),(125,2,125,'03-25',1,NULL),(126,2,126,'03-26',1,NULL),(127,2,127,'03-27',1,NULL),(128,2,128,'03-28',1,NULL),(129,2,129,'03-29',1,NULL),(130,2,130,'03-30',1,NULL),(131,2,131,'03-31',1,NULL),(132,2,132,'03-32',1,NULL),(133,2,133,'03-33',1,NULL),(134,2,134,'03-34',1,NULL),(135,2,135,'03-35',1,NULL),(136,2,136,'03-36',1,NULL),(137,2,137,'03-37',1,NULL),(138,2,138,'03-38',1,NULL),(139,2,139,'03-39',1,NULL),(140,2,140,'03-40',1,NULL),(141,2,141,'03-41',1,NULL),(142,2,142,'03-42',1,NULL),(143,2,143,'03-43',1,NULL),(144,2,144,'03-44',1,NULL),(145,2,145,'03-45',1,NULL),(146,2,146,'03-46',1,NULL),(147,2,147,'03-47',1,NULL),(148,2,148,'03-48',1,NULL),(149,2,149,'03-49',1,NULL),(150,2,150,'03-50',1,NULL),(151,2,151,'04-01',1,NULL),(152,2,152,'04-02',1,NULL),(153,2,153,'04-03',1,NULL),(154,2,154,'04-04',1,NULL),(155,2,155,'04-05',1,NULL),(156,2,156,'04-06',1,NULL),(157,2,157,'04-07',1,NULL),(158,2,158,'04-08',1,NULL),(159,2,159,'04-09',1,NULL),(160,2,160,'04-10',1,NULL),(161,2,161,'04-11',1,NULL),(162,2,162,'04-12',1,NULL),(163,2,163,'04-13',1,NULL),(164,2,164,'04-14',1,NULL),(165,2,165,'04-15',1,NULL),(166,2,166,'04-16',1,NULL),(167,2,167,'04-17',1,NULL),(168,2,168,'04-18',1,NULL),(169,2,169,'04-19',1,NULL),(170,2,170,'04-20',1,NULL),(171,2,171,'04-21',1,NULL),(172,2,172,'04-22',1,NULL),(173,2,173,'04-23',1,NULL),(174,2,174,'04-24',1,NULL),(175,2,175,'04-25',1,NULL),(176,2,176,'04-26',1,NULL),(177,2,177,'04-27',1,NULL),(178,2,178,'04-28',1,NULL),(179,2,179,'04-29',1,NULL),(180,2,180,'04-30',1,NULL),(181,2,181,'04-31',1,NULL),(182,2,182,'04-32',1,NULL),(183,2,183,'04-33',1,NULL),(184,2,184,'04-34',1,NULL),(185,2,185,'04-35',1,NULL),(186,2,186,'04-36',1,NULL),(187,2,187,'04-37',1,NULL),(188,2,188,'04-38',1,NULL),(189,2,189,'04-39',1,NULL),(190,2,190,'04-40',1,NULL),(191,2,191,'04-41',1,NULL),(192,2,192,'04-42',1,NULL),(193,2,193,'04-43',1,NULL),(194,2,194,'04-44',1,NULL),(195,2,195,'04-45',1,NULL),(196,2,196,'04-46',1,NULL),(197,2,197,'04-47',1,NULL),(198,2,198,'04-48',1,NULL),(199,2,199,'04-49',1,NULL),(200,2,200,'04-50',1,NULL),(201,2,201,'05-01',1,NULL),(202,2,202,'05-02',1,NULL),(203,2,203,'05-03',1,NULL),(204,2,204,'05-04',1,NULL),(205,2,205,'05-05',1,NULL),(206,2,206,'05-06',1,NULL),(207,2,207,'05-07',1,NULL),(208,2,208,'05-08',1,NULL),(209,2,209,'05-09',1,NULL),(210,2,210,'05-10',1,NULL),(211,2,211,'05-11',1,NULL),(212,2,212,'05-12',1,NULL),(213,2,213,'05-13',1,NULL),(214,2,214,'05-14',1,NULL),(215,2,215,'05-15',1,NULL),(216,2,216,'05-16',1,NULL),(217,2,217,'05-17',1,NULL),(218,2,218,'05-18',1,NULL),(219,2,219,'05-19',1,NULL),(220,2,220,'05-20',1,NULL),(221,2,221,'05-21',1,NULL),(222,2,222,'05-22',1,NULL),(223,2,223,'05-23',1,NULL),(224,2,224,'05-24',1,NULL),(225,2,225,'05-25',1,NULL),(226,2,226,'05-26',1,NULL),(227,2,227,'05-27',1,NULL),(228,2,228,'05-28',1,NULL),(229,2,229,'05-29',1,NULL),(230,2,230,'05-30',1,NULL),(231,2,231,'05-31',1,NULL),(232,2,232,'05-32',1,NULL),(233,2,233,'05-33',1,NULL),(234,2,234,'05-34',1,NULL),(235,2,235,'05-35',1,NULL),(236,2,236,'05-36',1,NULL),(237,2,237,'05-37',1,NULL),(238,2,238,'05-38',1,NULL),(239,2,239,'05-39',1,NULL),(240,2,240,'05-40',1,NULL),(241,2,241,'05-41',1,NULL),(242,2,242,'05-42',1,NULL),(243,2,243,'05-43',1,NULL),(244,2,244,'05-44',1,NULL),(245,2,245,'05-45',1,NULL),(246,2,246,'05-46',1,NULL),(247,2,247,'05-47',1,NULL),(248,2,248,'05-48',1,NULL),(249,2,249,'05-49',1,NULL),(250,2,250,'05-50',1,NULL),(251,2,251,'06-01',1,NULL),(252,2,252,'06-02',1,NULL),(253,2,253,'06-03',1,NULL),(254,2,254,'06-04',1,NULL),(255,2,255,'06-05',1,NULL),(256,2,256,'06-06',1,NULL),(257,2,257,'06-07',1,NULL),(258,2,258,'06-08',1,NULL),(259,2,259,'06-09',1,NULL),(260,2,260,'06-10',1,NULL),(261,2,261,'06-11',1,NULL),(262,2,262,'06-12',1,NULL),(263,2,263,'06-13',1,NULL),(264,2,264,'06-14',1,NULL),(265,2,265,'06-15',1,NULL),(266,2,266,'06-16',1,NULL),(267,2,267,'06-17',1,NULL),(268,2,268,'06-18',1,NULL),(269,2,269,'06-19',1,NULL),(270,2,270,'06-20',1,NULL),(271,2,271,'06-21',1,NULL),(272,2,272,'06-22',1,NULL),(273,2,273,'06-23',1,NULL),(274,2,274,'06-24',1,NULL),(275,2,275,'06-25',1,NULL),(276,2,276,'06-26',1,NULL),(277,2,277,'06-27',1,NULL),(278,2,278,'06-28',1,NULL),(279,2,279,'06-29',1,NULL),(280,2,280,'06-30',1,NULL),(281,2,281,'06-31',1,NULL),(282,2,282,'06-32',1,NULL),(283,2,283,'06-33',1,NULL),(284,2,284,'06-34',1,NULL),(285,2,285,'06-35',1,NULL),(286,2,286,'06-36',1,NULL),(287,2,287,'06-37',1,NULL),(288,2,288,'06-38',1,NULL),(289,2,289,'06-39',1,NULL),(290,2,290,'06-40',1,NULL),(291,2,291,'06-41',1,NULL),(292,2,292,'06-42',1,NULL),(293,2,293,'06-43',1,NULL),(294,2,294,'06-44',1,NULL),(295,2,295,'06-45',1,NULL),(296,2,296,'06-46',1,NULL),(297,2,297,'06-47',1,NULL),(298,2,298,'06-48',1,NULL),(299,2,299,'06-49',1,NULL),(300,2,300,'06-50',1,NULL),(301,2,301,'07-01',1,NULL),(302,2,302,'07-02',1,NULL),(303,2,303,'07-03',1,NULL),(304,2,304,'07-04',1,NULL),(305,2,305,'07-05',1,NULL),(306,2,306,'07-06',1,NULL),(307,2,307,'07-07',1,NULL),(308,2,308,'07-08',1,NULL),(309,2,309,'07-09',1,NULL),(310,2,310,'07-10',1,NULL),(311,2,311,'07-11',1,NULL),(312,2,312,'07-12',1,NULL),(313,2,313,'07-13',1,NULL),(314,2,314,'07-14',1,NULL),(315,2,315,'07-15',1,NULL),(316,2,316,'07-16',1,NULL),(317,2,317,'07-17',1,NULL),(318,2,318,'07-18',1,NULL),(319,2,319,'07-19',1,NULL),(320,2,320,'07-20',1,NULL),(321,2,321,'07-21',1,NULL),(322,2,322,'07-22',1,NULL),(323,2,323,'07-23',1,NULL),(324,2,324,'07-24',1,NULL),(325,2,325,'07-25',1,NULL),(326,2,326,'07-26',1,NULL),(327,2,327,'07-27',1,NULL),(328,2,328,'07-28',1,NULL),(329,2,329,'07-29',1,NULL),(330,2,330,'07-30',1,NULL),(331,2,331,'07-31',1,NULL),(332,2,332,'07-32',1,NULL),(333,2,333,'07-33',1,NULL),(334,2,334,'07-34',1,NULL),(335,2,335,'07-35',1,NULL),(336,2,336,'07-36',1,NULL),(337,2,337,'07-37',1,NULL),(338,2,338,'07-38',1,NULL),(339,2,339,'07-39',1,NULL),(340,2,340,'07-40',1,NULL),(341,2,341,'07-41',1,NULL),(342,2,342,'07-42',1,NULL),(343,2,343,'07-43',1,NULL),(344,2,344,'07-44',1,NULL),(345,2,345,'07-45',1,NULL),(346,2,346,'07-46',1,NULL),(347,2,347,'07-47',1,NULL),(348,2,348,'07-48',1,NULL),(349,2,349,'07-49',1,NULL),(350,2,350,'07-50',1,NULL),(351,2,351,'08-01',1,NULL),(352,2,352,'08-02',1,NULL),(353,2,353,'08-03',1,NULL),(354,2,354,'08-04',1,NULL),(355,2,355,'08-05',1,NULL),(356,2,356,'08-06',1,NULL),(357,2,357,'08-07',1,NULL),(358,2,358,'08-08',1,NULL),(359,2,359,'08-09',1,NULL),(360,2,360,'08-10',1,NULL),(361,2,361,'08-11',1,NULL),(362,2,362,'08-12',1,NULL),(363,2,363,'08-13',1,NULL),(364,2,364,'08-14',1,NULL),(365,2,365,'08-15',1,NULL),(366,2,366,'08-16',1,NULL),(367,2,367,'08-17',1,NULL),(368,2,368,'08-18',1,NULL),(369,2,369,'08-19',1,NULL),(370,2,370,'08-20',1,NULL),(371,2,371,'08-21',1,NULL),(372,2,372,'08-22',1,NULL),(373,2,373,'08-23',1,NULL),(374,2,374,'08-24',1,NULL),(375,2,375,'08-25',1,NULL),(376,2,376,'08-26',1,NULL),(377,2,377,'08-27',1,NULL),(378,2,378,'08-28',1,NULL),(379,2,379,'08-29',1,NULL),(380,2,380,'08-30',1,NULL),(381,2,381,'08-31',1,NULL),(382,2,382,'08-32',1,NULL),(383,2,383,'08-33',1,NULL),(384,2,384,'08-34',1,NULL),(385,2,385,'08-35',1,NULL),(386,2,386,'08-36',1,NULL),(387,2,387,'08-37',1,NULL),(388,2,388,'08-38',1,NULL),(389,2,389,'08-39',1,NULL),(390,2,390,'08-40',1,NULL),(391,2,391,'08-41',1,NULL),(392,2,392,'08-42',1,NULL),(393,2,393,'08-43',1,NULL),(394,2,394,'08-44',1,NULL),(395,2,395,'08-45',1,NULL),(396,2,396,'08-46',1,NULL),(397,2,397,'08-47',1,NULL),(398,2,398,'08-48',1,NULL),(399,2,399,'08-49',1,NULL),(400,2,400,'08-50',1,NULL),(401,2,401,'09-01',1,NULL),(402,2,402,'09-02',1,NULL),(403,2,403,'09-03',1,NULL),(404,2,404,'09-04',1,NULL),(405,2,405,'09-05',1,NULL),(406,2,406,'09-06',1,NULL),(407,2,407,'09-07',1,NULL),(408,2,408,'09-08',1,NULL),(409,2,409,'09-09',1,NULL),(410,2,410,'09-10',1,NULL),(411,2,411,'09-11',1,NULL),(412,2,412,'09-12',1,NULL),(413,2,413,'09-13',1,NULL),(414,2,414,'09-14',1,NULL),(415,2,415,'09-15',1,NULL),(416,2,416,'09-16',1,NULL),(417,2,417,'09-17',1,NULL),(418,2,418,'09-18',1,NULL),(419,2,419,'09-19',1,NULL),(420,2,420,'09-20',1,NULL),(421,2,421,'09-21',1,NULL),(422,2,422,'09-22',1,NULL),(423,2,423,'09-23',1,NULL),(424,2,424,'09-24',1,NULL),(425,2,425,'09-25',1,NULL),(426,2,426,'09-26',1,NULL),(427,2,427,'09-27',1,NULL),(428,2,428,'09-28',1,NULL),(429,2,429,'09-29',1,NULL),(430,2,430,'09-30',1,NULL),(431,2,431,'09-31',1,NULL),(432,2,432,'09-32',1,NULL),(433,2,433,'09-33',1,NULL),(434,2,434,'09-34',1,NULL),(435,2,435,'09-35',1,NULL),(436,2,436,'09-36',1,NULL),(437,2,437,'09-37',1,NULL),(438,2,438,'09-38',1,NULL),(439,2,439,'09-39',1,NULL),(440,2,440,'09-40',1,NULL),(441,2,441,'09-41',1,NULL),(442,2,442,'09-42',1,NULL),(443,2,443,'09-43',1,NULL),(444,2,444,'09-44',1,NULL),(445,2,445,'09-45',1,NULL),(446,2,446,'09-46',1,NULL),(447,2,447,'09-47',1,NULL),(448,2,448,'09-48',1,NULL),(449,2,449,'09-49',1,NULL),(450,2,450,'09-50',1,NULL),(451,2,451,'10-01',1,NULL),(452,2,452,'10-02',1,NULL),(453,2,453,'10-03',1,NULL),(454,2,454,'10-04',1,NULL),(455,2,455,'10-05',1,NULL),(456,2,456,'10-06',1,NULL),(457,2,457,'10-07',1,NULL),(458,2,458,'10-08',1,NULL),(459,2,459,'10-09',1,NULL),(460,2,460,'10-10',1,NULL),(461,2,461,'10-11',1,NULL),(462,2,462,'10-12',1,NULL),(463,2,463,'10-13',1,NULL),(464,2,464,'10-14',1,NULL),(465,2,465,'10-15',1,NULL),(466,2,466,'10-16',1,NULL),(467,2,467,'10-17',1,NULL),(468,2,468,'10-18',1,NULL),(469,2,469,'10-19',1,NULL),(470,2,470,'10-20',1,NULL),(471,2,471,'10-21',1,NULL),(472,2,472,'10-22',1,NULL),(473,2,473,'10-23',1,NULL),(474,2,474,'10-24',1,NULL),(475,2,475,'10-25',1,NULL),(476,2,476,'10-26',1,NULL),(477,2,477,'10-27',1,NULL),(478,2,478,'10-28',1,NULL),(479,2,479,'10-29',1,NULL),(480,2,480,'10-30',1,NULL),(481,2,481,'10-31',1,NULL),(482,2,482,'10-32',1,NULL),(483,2,483,'10-33',1,NULL),(484,2,484,'10-34',1,NULL),(485,2,485,'10-35',1,NULL),(486,2,486,'10-36',1,NULL),(487,2,487,'10-37',1,NULL),(488,2,488,'10-38',1,NULL),(489,2,489,'10-39',1,NULL),(490,2,490,'10-40',1,NULL),(491,2,491,'10-41',1,NULL),(492,2,492,'10-42',1,NULL),(493,2,493,'10-43',1,NULL),(494,2,494,'10-44',1,NULL),(495,2,495,'10-45',1,NULL),(496,2,496,'10-46',1,NULL),(497,2,497,'10-47',1,NULL),(498,2,498,'10-48',1,NULL),(499,2,499,'10-49',1,NULL),(500,2,500,'10-50',1,NULL),(501,2,501,'11-01',1,NULL),(502,2,502,'11-02',1,NULL),(503,2,503,'11-03',1,NULL),(504,2,504,'11-04',1,NULL),(505,2,505,'11-05',1,NULL),(506,2,506,'11-06',1,NULL),(507,2,507,'11-07',1,NULL),(508,2,508,'11-08',1,NULL),(509,2,509,'11-09',1,NULL),(510,2,510,'11-10',1,NULL),(511,2,511,'11-11',1,NULL),(512,2,512,'11-12',1,NULL),(513,2,513,'11-13',1,NULL),(514,2,514,'11-14',1,NULL),(515,2,515,'11-15',1,NULL),(516,2,516,'11-16',1,NULL),(517,2,517,'11-17',1,NULL),(518,2,518,'11-18',1,NULL),(519,2,519,'11-19',1,NULL),(520,2,520,'11-20',1,NULL),(521,2,521,'11-21',1,NULL),(522,2,522,'11-22',1,NULL),(523,2,523,'11-23',1,NULL),(524,2,524,'11-24',1,NULL),(525,2,525,'11-25',1,NULL),(526,2,526,'11-26',1,NULL),(527,2,527,'11-27',1,NULL),(528,2,528,'11-28',1,NULL),(529,2,529,'11-29',1,NULL),(530,2,530,'11-30',1,NULL),(531,2,531,'11-31',1,NULL),(532,2,532,'11-32',1,NULL),(533,2,533,'11-33',1,NULL),(534,2,534,'11-34',1,NULL),(535,2,535,'11-35',1,NULL),(536,2,536,'11-36',1,NULL),(537,2,537,'11-37',1,NULL),(538,2,538,'11-38',1,NULL),(539,2,539,'11-39',1,NULL),(540,2,540,'11-40',1,NULL),(541,2,541,'11-41',1,NULL),(542,2,542,'11-42',1,NULL),(543,2,543,'11-43',1,NULL),(544,2,544,'11-44',1,NULL),(545,2,545,'11-45',1,NULL),(546,2,546,'11-46',1,NULL),(547,2,547,'11-47',1,NULL),(548,2,548,'11-48',1,NULL),(549,2,549,'11-49',1,NULL),(550,2,550,'11-50',1,NULL),(551,2,551,'12-01',1,NULL),(552,2,552,'12-02',1,NULL),(553,2,553,'12-03',1,NULL),(554,2,554,'12-04',1,NULL),(555,2,555,'12-05',1,NULL),(556,2,556,'12-06',1,NULL),(557,2,557,'12-07',1,NULL),(558,2,558,'12-08',1,NULL),(559,2,559,'12-09',1,NULL),(560,2,560,'12-10',1,NULL),(561,2,561,'12-11',1,NULL),(562,2,562,'12-12',1,NULL),(563,2,563,'12-13',1,NULL),(564,2,564,'12-14',1,NULL),(565,2,565,'12-15',1,NULL),(566,2,566,'12-16',1,NULL),(567,2,567,'12-17',1,NULL),(568,2,568,'12-18',1,NULL),(569,2,569,'12-19',1,NULL),(570,2,570,'12-20',1,NULL),(571,2,571,'12-21',1,NULL),(572,2,572,'12-22',1,NULL),(573,2,573,'12-23',1,NULL),(574,2,574,'12-24',1,NULL),(575,2,575,'12-25',1,NULL),(576,2,576,'12-26',1,NULL),(577,2,577,'12-27',1,NULL),(578,2,578,'12-28',1,NULL),(579,2,579,'12-29',1,NULL),(580,2,580,'12-30',1,NULL),(581,2,581,'12-31',1,NULL),(582,2,582,'12-32',1,NULL),(583,2,583,'12-33',1,NULL),(584,2,584,'12-34',1,NULL),(585,2,585,'12-35',1,NULL),(586,2,586,'12-36',1,NULL),(587,2,587,'12-37',1,NULL),(588,2,588,'12-38',1,NULL),(589,2,589,'12-39',1,NULL),(590,2,590,'12-40',1,NULL),(591,2,591,'12-41',1,NULL),(592,2,592,'12-42',1,NULL),(593,2,593,'12-43',1,NULL),(594,2,594,'12-44',1,NULL),(595,2,595,'12-45',1,NULL),(596,2,596,'12-46',1,NULL),(597,2,597,'12-47',1,NULL),(598,2,598,'12-48',1,NULL),(599,2,599,'12-49',1,NULL),(600,2,600,'12-50',1,NULL),(601,2,601,'13-01',1,NULL),(602,2,602,'13-02',1,NULL),(603,2,603,'13-03',1,NULL),(604,2,604,'13-04',1,NULL),(605,2,605,'13-05',1,NULL),(606,2,606,'13-06',1,NULL),(607,2,607,'13-07',1,NULL),(608,2,608,'13-08',1,NULL),(609,2,609,'13-09',1,NULL),(610,2,610,'13-10',1,NULL),(611,2,611,'13-11',1,NULL),(612,2,612,'13-12',1,NULL),(613,2,613,'13-13',1,NULL),(614,2,614,'13-14',1,NULL),(615,2,615,'13-15',1,NULL),(616,2,616,'13-16',1,NULL),(617,2,617,'13-17',1,NULL),(618,2,618,'13-18',1,NULL),(619,2,619,'13-19',1,NULL),(620,2,620,'13-20',1,NULL),(621,2,621,'13-21',1,NULL),(622,2,622,'13-22',1,NULL),(623,2,623,'13-23',1,NULL),(624,2,624,'13-24',1,NULL),(625,2,625,'13-25',1,NULL),(626,2,626,'13-26',1,NULL),(627,2,627,'13-27',1,NULL),(628,2,628,'13-28',1,NULL),(629,2,629,'13-29',1,NULL),(630,2,630,'13-30',1,NULL),(631,2,631,'13-31',1,NULL),(632,2,632,'13-32',1,NULL),(633,2,633,'13-33',1,NULL),(634,2,634,'13-34',1,NULL),(635,2,635,'13-35',1,NULL),(636,2,636,'13-36',1,NULL),(637,2,637,'13-37',1,NULL),(638,2,638,'13-38',1,NULL),(639,2,639,'13-39',1,NULL),(640,2,640,'13-40',1,NULL),(641,2,641,'13-41',1,NULL),(642,2,642,'13-42',1,NULL),(643,2,643,'13-43',1,NULL),(644,2,644,'13-44',1,NULL),(645,2,645,'13-45',1,NULL),(646,2,646,'13-46',1,NULL),(647,2,647,'13-47',1,NULL),(648,2,648,'13-48',1,NULL),(649,2,649,'13-49',1,NULL),(650,2,650,'13-50',1,NULL),(651,2,651,'14-01',1,NULL),(652,2,652,'14-02',1,NULL),(653,2,653,'14-03',1,NULL),(654,2,654,'14-04',1,NULL),(655,2,655,'14-05',1,NULL),(656,2,656,'14-06',1,NULL),(657,2,657,'14-07',1,NULL),(658,2,658,'14-08',1,NULL),(659,2,659,'14-09',1,NULL),(660,2,660,'14-10',1,NULL),(661,2,661,'14-11',1,NULL),(662,2,662,'14-12',1,NULL),(663,2,663,'14-13',1,NULL),(664,2,664,'14-14',1,NULL),(665,2,665,'14-15',1,NULL),(666,2,666,'14-16',1,NULL),(667,2,667,'14-17',1,NULL),(668,2,668,'14-18',1,NULL),(669,2,669,'14-19',1,NULL),(670,2,670,'14-20',1,NULL),(671,2,671,'14-21',1,NULL),(672,2,672,'14-22',1,NULL),(673,2,673,'14-23',1,NULL),(674,2,674,'14-24',1,NULL),(675,2,675,'14-25',1,NULL),(676,2,676,'14-26',1,NULL),(677,2,677,'14-27',1,NULL),(678,2,678,'14-28',1,NULL),(679,2,679,'14-29',1,NULL),(680,2,680,'14-30',1,NULL),(681,2,681,'14-31',1,NULL),(682,2,682,'14-32',1,NULL),(683,2,683,'14-33',1,NULL),(684,2,684,'14-34',1,NULL),(685,2,685,'14-35',1,NULL),(686,2,686,'14-36',1,NULL),(687,2,687,'14-37',1,NULL),(688,2,688,'14-38',1,NULL),(689,2,689,'14-39',1,NULL),(690,2,690,'14-40',1,NULL),(691,2,691,'14-41',1,NULL),(692,2,692,'14-42',1,NULL),(693,2,693,'14-43',1,NULL),(694,2,694,'14-44',1,NULL),(695,2,695,'14-45',1,NULL),(696,2,696,'14-46',1,NULL),(697,2,697,'14-47',1,NULL),(698,2,698,'14-48',1,NULL),(699,2,699,'14-49',1,NULL),(700,2,700,'14-50',1,NULL),(701,2,701,'15-01',1,NULL),(702,2,702,'15-02',1,NULL),(703,2,703,'15-03',1,NULL),(704,2,704,'15-04',1,NULL),(705,2,705,'15-05',1,NULL),(706,2,706,'15-06',1,NULL),(707,2,707,'15-07',1,NULL),(708,2,708,'15-08',1,NULL),(709,2,709,'15-09',1,NULL),(710,2,710,'15-10',1,NULL),(711,2,711,'15-11',1,NULL),(712,2,712,'15-12',1,NULL),(713,2,713,'15-13',1,NULL),(714,2,714,'15-14',1,NULL),(715,2,715,'15-15',1,NULL),(716,2,716,'15-16',1,NULL),(717,2,717,'15-17',1,NULL),(718,2,718,'15-18',1,NULL),(719,2,719,'15-19',1,NULL),(720,2,720,'15-20',1,NULL),(721,2,721,'15-21',1,NULL),(722,2,722,'15-22',1,NULL),(723,2,723,'15-23',1,NULL),(724,2,724,'15-24',1,NULL),(725,2,725,'15-25',1,NULL),(726,2,726,'15-26',1,NULL),(727,2,727,'15-27',1,NULL),(728,2,728,'15-28',1,NULL),(729,2,729,'15-29',1,NULL),(730,2,730,'15-30',1,NULL),(731,2,731,'15-31',1,NULL),(732,2,732,'15-32',1,NULL),(733,2,733,'15-33',1,NULL),(734,2,734,'15-34',1,NULL),(735,2,735,'15-35',1,NULL),(736,2,736,'15-36',1,NULL),(737,2,737,'15-37',1,NULL),(738,2,738,'15-38',1,NULL),(739,2,739,'15-39',1,NULL),(740,2,740,'15-40',1,NULL),(741,2,741,'15-41',1,NULL),(742,2,742,'15-42',1,NULL),(743,2,743,'15-43',1,NULL),(744,2,744,'15-44',1,NULL),(745,2,745,'15-45',1,NULL),(746,2,746,'15-46',1,NULL),(747,2,747,'15-47',1,NULL),(748,2,748,'15-48',1,NULL),(749,2,749,'15-49',1,NULL),(750,2,750,'15-50',1,NULL),(751,2,751,'16-01',1,NULL),(752,2,752,'16-02',1,NULL),(753,2,753,'16-03',1,NULL),(754,2,754,'16-04',1,NULL),(755,2,755,'16-05',1,NULL),(756,2,756,'16-06',1,NULL),(757,2,757,'16-07',1,NULL),(758,2,758,'16-08',1,NULL),(759,2,759,'16-09',1,NULL),(760,2,760,'16-10',1,NULL),(761,2,761,'16-11',1,NULL),(762,2,762,'16-12',1,NULL),(763,2,763,'16-13',1,NULL),(764,2,764,'16-14',1,NULL),(765,2,765,'16-15',1,NULL),(766,2,766,'16-16',1,NULL),(767,2,767,'16-17',1,NULL),(768,2,768,'16-18',1,NULL),(769,2,769,'16-19',1,NULL),(770,2,770,'16-20',1,NULL),(771,2,771,'16-21',1,NULL),(772,2,772,'16-22',1,NULL),(773,2,773,'16-23',1,NULL),(774,2,774,'16-24',1,NULL),(775,2,775,'16-25',1,NULL),(776,2,776,'16-26',1,NULL),(777,2,777,'16-27',1,NULL),(778,2,778,'16-28',1,NULL),(779,2,779,'16-29',1,NULL),(780,2,780,'16-30',1,NULL),(781,2,781,'16-31',1,NULL),(782,2,782,'16-32',1,NULL),(783,2,783,'16-33',1,NULL),(784,2,784,'16-34',1,NULL),(785,2,785,'16-35',1,NULL),(786,2,786,'16-36',1,NULL),(787,2,787,'16-37',1,NULL),(788,2,788,'16-38',1,NULL),(789,2,789,'16-39',1,NULL),(790,2,790,'16-40',1,NULL),(791,2,791,'16-41',1,NULL),(792,2,792,'16-42',1,NULL),(793,2,793,'16-43',1,NULL),(794,2,794,'16-44',1,NULL),(795,2,795,'16-45',1,NULL),(796,2,796,'16-46',1,NULL),(797,2,797,'16-47',1,NULL),(798,2,798,'16-48',1,NULL),(799,2,799,'16-49',1,NULL),(800,2,800,'16-50',1,NULL),(801,2,801,'17-01',1,NULL),(802,2,802,'17-02',1,NULL),(803,2,803,'17-03',1,NULL),(804,2,804,'17-04',1,NULL),(805,2,805,'17-05',1,NULL),(806,2,806,'17-06',1,NULL),(807,2,807,'17-07',1,NULL),(808,2,808,'17-08',1,NULL),(809,2,809,'17-09',1,NULL),(810,2,810,'17-10',1,NULL),(811,2,811,'17-11',1,NULL),(812,2,812,'17-12',1,NULL),(813,2,813,'17-13',1,NULL),(814,2,814,'17-14',1,NULL),(815,2,815,'17-15',1,NULL),(816,2,816,'17-16',1,NULL),(817,2,817,'17-17',1,NULL),(818,2,818,'17-18',1,NULL),(819,2,819,'17-19',1,NULL),(820,2,820,'17-20',1,NULL),(821,2,821,'17-21',1,NULL),(822,2,822,'17-22',1,NULL),(823,2,823,'17-23',1,NULL),(824,2,824,'17-24',1,NULL),(825,2,825,'17-25',1,NULL),(826,2,826,'17-26',1,NULL),(827,2,827,'17-27',1,NULL),(828,2,828,'17-28',1,NULL),(829,2,829,'17-29',1,NULL),(830,2,830,'17-30',1,NULL),(831,2,831,'17-31',1,NULL),(832,2,832,'17-32',1,NULL),(833,2,833,'17-33',1,NULL),(834,2,834,'17-34',1,NULL),(835,2,835,'17-35',1,NULL),(836,2,836,'17-36',1,NULL),(837,2,837,'17-37',1,NULL),(838,2,838,'17-38',1,NULL),(839,2,839,'17-39',1,NULL),(840,2,840,'17-40',1,NULL),(841,2,841,'17-41',1,NULL),(842,2,842,'17-42',1,NULL),(843,2,843,'17-43',1,NULL),(844,2,844,'17-44',1,NULL),(845,2,845,'17-45',1,NULL),(846,2,846,'17-46',1,NULL),(847,2,847,'17-47',1,NULL),(848,2,848,'17-48',1,NULL),(849,2,849,'17-49',1,NULL),(850,2,850,'17-50',1,NULL),(851,2,851,'18-01',1,NULL),(852,2,852,'18-02',1,NULL),(853,2,853,'18-03',1,NULL),(854,2,854,'18-04',1,NULL),(855,2,855,'18-05',1,NULL),(856,2,856,'18-06',1,NULL),(857,2,857,'18-07',1,NULL),(858,2,858,'18-08',1,NULL),(859,2,859,'18-09',1,NULL),(860,2,860,'18-10',1,NULL),(861,2,861,'18-11',1,NULL),(862,2,862,'18-12',1,NULL),(863,2,863,'18-13',1,NULL),(864,2,864,'18-14',1,NULL),(865,2,865,'18-15',1,NULL),(866,2,866,'18-16',1,NULL),(867,2,867,'18-17',1,NULL),(868,2,868,'18-18',1,NULL),(869,2,869,'18-19',1,NULL),(870,2,870,'18-20',1,NULL),(871,2,871,'18-21',1,NULL),(872,2,872,'18-22',1,NULL),(873,2,873,'18-23',1,NULL),(874,2,874,'18-24',1,NULL),(875,2,875,'18-25',1,NULL),(876,2,876,'18-26',1,NULL),(877,2,877,'18-27',1,NULL),(878,2,878,'18-28',1,NULL),(879,2,879,'18-29',1,NULL),(880,2,880,'18-30',1,NULL),(881,2,881,'18-31',1,NULL),(882,2,882,'18-32',1,NULL),(883,2,883,'18-33',1,NULL),(884,2,884,'18-34',1,NULL),(885,2,885,'18-35',1,NULL),(886,2,886,'18-36',1,NULL),(887,2,887,'18-37',1,NULL),(888,2,888,'18-38',1,NULL),(889,2,889,'18-39',1,NULL),(890,2,890,'18-40',1,NULL),(891,2,891,'18-41',1,NULL),(892,2,892,'18-42',1,NULL),(893,2,893,'18-43',1,NULL),(894,2,894,'18-44',1,NULL),(895,2,895,'18-45',1,NULL),(896,2,896,'18-46',1,NULL),(897,2,897,'18-47',1,NULL),(898,2,898,'18-48',1,NULL),(899,2,899,'18-49',1,NULL),(900,2,900,'18-50',1,NULL),(901,16,1,'01-01',1,NULL),(902,16,2,'01-02',1,NULL),(903,16,3,'01-03',1,NULL),(904,16,4,'01-04',1,NULL),(905,16,5,'01-05',1,NULL),(906,16,6,'01-06',1,NULL),(907,16,7,'01-07',1,NULL),(908,16,8,'01-08',1,NULL),(909,16,9,'01-09',1,NULL),(910,16,10,'01-10',1,NULL),(911,16,11,'01-11',1,NULL),(912,16,12,'01-12',1,NULL),(913,16,13,'01-13',1,NULL),(914,16,14,'01-14',1,NULL),(915,16,15,'01-15',1,NULL),(916,16,16,'01-16',1,NULL),(917,16,17,'01-17',1,NULL),(918,16,18,'01-18',1,NULL),(919,16,19,'01-19',1,NULL),(920,16,20,'01-20',1,NULL),(921,16,21,'01-21',1,NULL),(922,16,22,'01-22',1,NULL),(923,16,23,'01-23',1,NULL),(924,16,24,'01-24',1,NULL),(925,16,25,'01-25',1,NULL),(926,16,26,'01-26',1,NULL),(927,16,27,'01-27',1,NULL),(928,16,28,'01-28',1,NULL),(929,16,29,'01-29',1,NULL),(930,16,30,'01-30',1,NULL),(931,16,31,'01-31',1,NULL),(932,16,32,'01-32',1,NULL),(933,16,33,'01-33',1,NULL),(934,16,34,'01-34',1,NULL),(935,16,35,'01-35',1,NULL),(936,16,36,'01-36',1,NULL),(937,16,37,'01-37',1,NULL),(938,16,38,'01-38',1,NULL),(939,16,39,'01-39',1,NULL),(940,16,40,'01-40',1,NULL),(941,16,41,'01-41',1,NULL),(942,16,42,'01-42',1,NULL),(943,16,43,'01-43',1,NULL),(944,16,44,'01-44',1,NULL),(945,16,45,'01-45',0,12),(946,16,46,'01-46',0,12),(947,16,47,'01-47',1,NULL),(948,16,48,'01-48',1,NULL),(949,16,49,'01-49',0,12),(950,16,50,'01-50',0,12),(951,16,51,'02-01',1,NULL),(952,16,52,'02-02',1,NULL),(953,16,53,'02-03',1,NULL),(954,16,54,'02-04',1,NULL),(955,16,55,'02-05',1,NULL),(956,16,56,'02-06',1,NULL),(957,16,57,'02-07',1,NULL),(958,16,58,'02-08',1,NULL),(959,16,59,'02-09',1,NULL),(960,16,60,'02-10',1,NULL),(961,16,61,'02-11',1,NULL),(962,16,62,'02-12',1,NULL),(963,16,63,'02-13',1,NULL),(964,16,64,'02-14',1,NULL),(965,16,65,'02-15',1,NULL),(966,16,66,'02-16',1,NULL),(967,16,67,'02-17',1,NULL),(968,16,68,'02-18',1,NULL),(969,16,69,'02-19',1,NULL),(970,16,70,'02-20',1,NULL),(971,16,71,'02-21',1,NULL),(972,16,72,'02-22',1,NULL),(973,16,73,'02-23',1,NULL),(974,16,74,'02-24',1,NULL),(975,16,75,'02-25',1,NULL),(976,16,76,'02-26',1,NULL),(977,16,77,'02-27',1,NULL),(978,16,78,'02-28',1,NULL),(979,16,79,'02-29',1,NULL),(980,16,80,'02-30',1,NULL),(981,16,81,'02-31',1,NULL),(982,16,82,'02-32',1,NULL),(983,16,83,'02-33',1,NULL),(984,16,84,'02-34',1,NULL),(985,16,85,'02-35',1,NULL),(986,16,86,'02-36',1,NULL),(987,16,87,'02-37',1,NULL),(988,16,88,'02-38',1,NULL),(989,16,89,'02-39',1,NULL),(990,16,90,'02-40',1,NULL),(991,16,91,'02-41',1,NULL),(992,16,92,'02-42',1,NULL),(993,16,93,'02-43',1,NULL),(994,16,94,'02-44',1,NULL),(995,16,95,'02-45',1,NULL),(996,16,96,'02-46',1,NULL),(997,16,97,'02-47',1,NULL),(998,16,98,'02-48',1,NULL),(999,16,99,'02-49',1,NULL),(1000,16,100,'02-50',1,NULL),(1001,16,101,'03-01',1,NULL),(1002,16,102,'03-02',1,NULL),(1003,16,103,'03-03',1,NULL),(1004,16,104,'03-04',1,NULL),(1005,16,105,'03-05',1,NULL),(1006,16,106,'03-06',1,NULL),(1007,16,107,'03-07',1,NULL),(1008,16,108,'03-08',1,NULL),(1009,16,109,'03-09',1,NULL),(1010,16,110,'03-10',1,NULL),(1011,16,111,'03-11',1,NULL),(1012,16,112,'03-12',1,NULL),(1013,16,113,'03-13',1,NULL),(1014,16,114,'03-14',1,NULL),(1015,16,115,'03-15',1,NULL),(1016,16,116,'03-16',1,NULL),(1017,16,117,'03-17',1,NULL),(1018,16,118,'03-18',1,NULL),(1019,16,119,'03-19',1,NULL),(1020,16,120,'03-20',1,NULL),(1021,16,121,'03-21',1,NULL),(1022,16,122,'03-22',1,NULL),(1023,16,123,'03-23',1,NULL),(1024,16,124,'03-24',1,NULL),(1025,16,125,'03-25',1,NULL),(1026,16,126,'03-26',1,NULL),(1027,16,127,'03-27',1,NULL),(1028,16,128,'03-28',1,NULL),(1029,16,129,'03-29',1,NULL),(1030,16,130,'03-30',1,NULL),(1031,16,131,'03-31',1,NULL),(1032,16,132,'03-32',1,NULL),(1033,16,133,'03-33',1,NULL),(1034,16,134,'03-34',1,NULL),(1035,16,135,'03-35',1,NULL),(1036,16,136,'03-36',1,NULL),(1037,16,137,'03-37',1,NULL),(1038,16,138,'03-38',1,NULL),(1039,16,139,'03-39',1,NULL),(1040,16,140,'03-40',1,NULL),(1041,16,141,'03-41',1,NULL),(1042,16,142,'03-42',1,NULL),(1043,16,143,'03-43',1,NULL),(1044,16,144,'03-44',1,NULL),(1045,16,145,'03-45',1,NULL),(1046,16,146,'03-46',1,NULL),(1047,16,147,'03-47',1,NULL),(1048,16,148,'03-48',1,NULL),(1049,16,149,'03-49',1,NULL),(1050,16,150,'03-50',1,NULL),(1051,16,151,'04-01',1,NULL),(1052,16,152,'04-02',1,NULL),(1053,16,153,'04-03',1,NULL),(1054,16,154,'04-04',1,NULL),(1055,16,155,'04-05',1,NULL),(1056,16,156,'04-06',1,NULL),(1057,16,157,'04-07',1,NULL),(1058,16,158,'04-08',1,NULL),(1059,16,159,'04-09',1,NULL),(1060,16,160,'04-10',1,NULL),(1061,16,161,'04-11',1,NULL),(1062,16,162,'04-12',1,NULL),(1063,16,163,'04-13',1,NULL),(1064,16,164,'04-14',1,NULL),(1065,16,165,'04-15',1,NULL),(1066,16,166,'04-16',1,NULL),(1067,16,167,'04-17',1,NULL),(1068,16,168,'04-18',1,NULL),(1069,16,169,'04-19',1,NULL),(1070,16,170,'04-20',1,NULL),(1071,16,171,'04-21',1,NULL),(1072,16,172,'04-22',1,NULL),(1073,16,173,'04-23',1,NULL),(1074,16,174,'04-24',1,NULL),(1075,16,175,'04-25',1,NULL),(1076,16,176,'04-26',1,NULL),(1077,16,177,'04-27',1,NULL),(1078,16,178,'04-28',1,NULL),(1079,16,179,'04-29',1,NULL),(1080,16,180,'04-30',1,NULL),(1081,16,181,'04-31',1,NULL),(1082,16,182,'04-32',1,NULL),(1083,16,183,'04-33',1,NULL),(1084,16,184,'04-34',1,NULL),(1085,16,185,'04-35',1,NULL),(1086,16,186,'04-36',1,NULL),(1087,16,187,'04-37',1,NULL),(1088,16,188,'04-38',1,NULL),(1089,16,189,'04-39',1,NULL),(1090,16,190,'04-40',1,NULL),(1091,16,191,'04-41',1,NULL),(1092,16,192,'04-42',1,NULL),(1093,16,193,'04-43',1,NULL),(1094,16,194,'04-44',1,NULL),(1095,16,195,'04-45',1,NULL),(1096,16,196,'04-46',1,NULL),(1097,16,197,'04-47',1,NULL),(1098,16,198,'04-48',1,NULL),(1099,16,199,'04-49',1,NULL),(1100,16,200,'04-50',1,NULL),(1101,16,201,'05-01',1,NULL),(1102,16,202,'05-02',1,NULL),(1103,16,203,'05-03',1,NULL),(1104,16,204,'05-04',1,NULL),(1105,16,205,'05-05',1,NULL),(1106,16,206,'05-06',1,NULL),(1107,16,207,'05-07',1,NULL),(1108,16,208,'05-08',1,NULL),(1109,16,209,'05-09',1,NULL),(1110,16,210,'05-10',1,NULL),(1111,16,211,'05-11',1,NULL),(1112,16,212,'05-12',1,NULL),(1113,16,213,'05-13',1,NULL),(1114,16,214,'05-14',1,NULL),(1115,16,215,'05-15',1,NULL),(1116,16,216,'05-16',1,NULL),(1117,16,217,'05-17',1,NULL),(1118,16,218,'05-18',1,NULL),(1119,16,219,'05-19',1,NULL),(1120,16,220,'05-20',1,NULL),(1121,16,221,'05-21',1,NULL),(1122,16,222,'05-22',1,NULL),(1123,16,223,'05-23',1,NULL),(1124,16,224,'05-24',1,NULL),(1125,16,225,'05-25',1,NULL),(1126,16,226,'05-26',1,NULL),(1127,16,227,'05-27',1,NULL),(1128,16,228,'05-28',1,NULL),(1129,16,229,'05-29',1,NULL),(1130,16,230,'05-30',1,NULL),(1131,16,231,'05-31',1,NULL),(1132,16,232,'05-32',1,NULL),(1133,16,233,'05-33',1,NULL),(1134,16,234,'05-34',1,NULL),(1135,16,235,'05-35',1,NULL),(1136,16,236,'05-36',1,NULL),(1137,16,237,'05-37',1,NULL),(1138,16,238,'05-38',1,NULL),(1139,16,239,'05-39',1,NULL),(1140,16,240,'05-40',1,NULL),(1141,16,241,'05-41',1,NULL),(1142,16,242,'05-42',1,NULL),(1143,16,243,'05-43',1,NULL),(1144,16,244,'05-44',1,NULL),(1145,16,245,'05-45',1,NULL),(1146,16,246,'05-46',1,NULL),(1147,16,247,'05-47',1,NULL),(1148,16,248,'05-48',1,NULL),(1149,16,249,'05-49',1,NULL),(1150,16,250,'05-50',1,NULL),(1151,16,251,'06-01',1,NULL),(1152,16,252,'06-02',1,NULL),(1153,16,253,'06-03',1,NULL),(1154,16,254,'06-04',1,NULL),(1155,16,255,'06-05',1,NULL),(1156,16,256,'06-06',1,NULL),(1157,16,257,'06-07',1,NULL),(1158,16,258,'06-08',1,NULL),(1159,16,259,'06-09',1,NULL),(1160,16,260,'06-10',1,NULL),(1161,16,261,'06-11',1,NULL),(1162,16,262,'06-12',1,NULL),(1163,16,263,'06-13',1,NULL),(1164,16,264,'06-14',1,NULL),(1165,16,265,'06-15',1,NULL),(1166,16,266,'06-16',1,NULL),(1167,16,267,'06-17',1,NULL),(1168,16,268,'06-18',1,NULL),(1169,16,269,'06-19',1,NULL),(1170,16,270,'06-20',1,NULL),(1171,16,271,'06-21',1,NULL),(1172,16,272,'06-22',1,NULL),(1173,16,273,'06-23',1,NULL),(1174,16,274,'06-24',1,NULL),(1175,16,275,'06-25',1,NULL),(1176,16,276,'06-26',1,NULL),(1177,16,277,'06-27',1,NULL),(1178,16,278,'06-28',1,NULL),(1179,16,279,'06-29',1,NULL),(1180,16,280,'06-30',1,NULL),(1181,16,281,'06-31',1,NULL),(1182,16,282,'06-32',1,NULL),(1183,16,283,'06-33',1,NULL),(1184,16,284,'06-34',1,NULL),(1185,16,285,'06-35',1,NULL),(1186,16,286,'06-36',1,NULL),(1187,16,287,'06-37',1,NULL),(1188,16,288,'06-38',1,NULL),(1189,16,289,'06-39',1,NULL),(1190,16,290,'06-40',1,NULL),(1191,16,291,'06-41',1,NULL),(1192,16,292,'06-42',1,NULL),(1193,16,293,'06-43',1,NULL),(1194,16,294,'06-44',1,NULL),(1195,16,295,'06-45',1,NULL),(1196,16,296,'06-46',1,NULL),(1197,16,297,'06-47',1,NULL),(1198,16,298,'06-48',1,NULL),(1199,16,299,'06-49',1,NULL),(1200,16,300,'06-50',1,NULL),(1201,16,301,'07-01',1,NULL),(1202,16,302,'07-02',1,NULL),(1203,16,303,'07-03',1,NULL),(1204,16,304,'07-04',1,NULL),(1205,16,305,'07-05',1,NULL),(1206,16,306,'07-06',1,NULL),(1207,16,307,'07-07',1,NULL),(1208,16,308,'07-08',1,NULL),(1209,16,309,'07-09',1,NULL),(1210,16,310,'07-10',1,NULL),(1211,16,311,'07-11',1,NULL),(1212,16,312,'07-12',1,NULL),(1213,16,313,'07-13',1,NULL),(1214,16,314,'07-14',1,NULL),(1215,16,315,'07-15',1,NULL),(1216,16,316,'07-16',1,NULL),(1217,16,317,'07-17',1,NULL),(1218,16,318,'07-18',1,NULL),(1219,16,319,'07-19',1,NULL),(1220,16,320,'07-20',1,NULL),(1221,16,321,'07-21',1,NULL),(1222,16,322,'07-22',1,NULL),(1223,16,323,'07-23',1,NULL),(1224,16,324,'07-24',1,NULL),(1225,16,325,'07-25',1,NULL),(1226,16,326,'07-26',1,NULL),(1227,16,327,'07-27',1,NULL),(1228,16,328,'07-28',1,NULL),(1229,16,329,'07-29',1,NULL),(1230,16,330,'07-30',1,NULL),(1231,16,331,'07-31',1,NULL),(1232,16,332,'07-32',1,NULL),(1233,16,333,'07-33',1,NULL),(1234,16,334,'07-34',1,NULL),(1235,16,335,'07-35',1,NULL),(1236,16,336,'07-36',1,NULL),(1237,16,337,'07-37',1,NULL),(1238,16,338,'07-38',1,NULL),(1239,16,339,'07-39',1,NULL),(1240,16,340,'07-40',1,NULL),(1241,16,341,'07-41',1,NULL),(1242,16,342,'07-42',1,NULL),(1243,16,343,'07-43',1,NULL),(1244,16,344,'07-44',1,NULL),(1245,16,345,'07-45',1,NULL),(1246,16,346,'07-46',1,NULL),(1247,16,347,'07-47',1,NULL),(1248,16,348,'07-48',1,NULL),(1249,16,349,'07-49',1,NULL),(1250,16,350,'07-50',1,NULL),(1251,16,351,'08-01',1,NULL),(1252,16,352,'08-02',1,NULL),(1253,16,353,'08-03',1,NULL),(1254,16,354,'08-04',1,NULL),(1255,16,355,'08-05',1,NULL),(1256,16,356,'08-06',1,NULL),(1257,16,357,'08-07',1,NULL),(1258,16,358,'08-08',1,NULL),(1259,16,359,'08-09',1,NULL),(1260,16,360,'08-10',1,NULL),(1261,16,361,'08-11',1,NULL),(1262,16,362,'08-12',1,NULL),(1263,16,363,'08-13',1,NULL),(1264,16,364,'08-14',1,NULL),(1265,16,365,'08-15',1,NULL),(1266,16,366,'08-16',1,NULL),(1267,16,367,'08-17',1,NULL),(1268,16,368,'08-18',1,NULL),(1269,16,369,'08-19',1,NULL),(1270,16,370,'08-20',1,NULL),(1271,16,371,'08-21',1,NULL),(1272,16,372,'08-22',1,NULL),(1273,16,373,'08-23',1,NULL),(1274,16,374,'08-24',1,NULL),(1275,16,375,'08-25',1,NULL),(1276,16,376,'08-26',1,NULL),(1277,16,377,'08-27',1,NULL),(1278,16,378,'08-28',1,NULL),(1279,16,379,'08-29',1,NULL),(1280,16,380,'08-30',1,NULL),(1281,16,381,'08-31',1,NULL),(1282,16,382,'08-32',1,NULL),(1283,16,383,'08-33',1,NULL),(1284,16,384,'08-34',1,NULL),(1285,16,385,'08-35',1,NULL),(1286,16,386,'08-36',1,NULL),(1287,16,387,'08-37',1,NULL),(1288,16,388,'08-38',1,NULL),(1289,16,389,'08-39',1,NULL),(1290,16,390,'08-40',1,NULL),(1291,16,391,'08-41',1,NULL),(1292,16,392,'08-42',1,NULL),(1293,16,393,'08-43',1,NULL),(1294,16,394,'08-44',1,NULL),(1295,16,395,'08-45',1,NULL),(1296,16,396,'08-46',1,NULL),(1297,16,397,'08-47',1,NULL),(1298,16,398,'08-48',1,NULL),(1299,16,399,'08-49',1,NULL),(1300,16,400,'08-50',1,NULL),(1301,16,401,'09-01',1,NULL),(1302,16,402,'09-02',1,NULL),(1303,16,403,'09-03',1,NULL),(1304,16,404,'09-04',1,NULL),(1305,16,405,'09-05',1,NULL),(1306,16,406,'09-06',1,NULL),(1307,16,407,'09-07',1,NULL),(1308,16,408,'09-08',1,NULL),(1309,16,409,'09-09',1,NULL),(1310,16,410,'09-10',1,NULL),(1311,16,411,'09-11',1,NULL),(1312,16,412,'09-12',1,NULL),(1313,16,413,'09-13',1,NULL),(1314,16,414,'09-14',1,NULL),(1315,16,415,'09-15',1,NULL),(1316,16,416,'09-16',1,NULL),(1317,16,417,'09-17',1,NULL),(1318,16,418,'09-18',1,NULL),(1319,16,419,'09-19',1,NULL),(1320,16,420,'09-20',1,NULL),(1321,16,421,'09-21',1,NULL),(1322,16,422,'09-22',1,NULL),(1323,16,423,'09-23',1,NULL),(1324,16,424,'09-24',1,NULL),(1325,16,425,'09-25',1,NULL),(1326,16,426,'09-26',1,NULL),(1327,16,427,'09-27',1,NULL),(1328,16,428,'09-28',1,NULL),(1329,16,429,'09-29',1,NULL),(1330,16,430,'09-30',1,NULL),(1331,16,431,'09-31',1,NULL),(1332,16,432,'09-32',1,NULL),(1333,16,433,'09-33',1,NULL),(1334,16,434,'09-34',1,NULL),(1335,16,435,'09-35',1,NULL),(1336,16,436,'09-36',1,NULL),(1337,16,437,'09-37',1,NULL),(1338,16,438,'09-38',1,NULL),(1339,16,439,'09-39',1,NULL),(1340,16,440,'09-40',1,NULL),(1341,16,441,'09-41',1,NULL),(1342,16,442,'09-42',1,NULL),(1343,16,443,'09-43',1,NULL),(1344,16,444,'09-44',1,NULL),(1345,16,445,'09-45',1,NULL),(1346,16,446,'09-46',1,NULL),(1347,16,447,'09-47',1,NULL),(1348,16,448,'09-48',1,NULL),(1349,16,449,'09-49',1,NULL),(1350,16,450,'09-50',1,NULL),(1351,16,451,'10-01',1,NULL),(1352,16,452,'10-02',1,NULL),(1353,16,453,'10-03',1,NULL),(1354,16,454,'10-04',1,NULL),(1355,16,455,'10-05',1,NULL),(1356,16,456,'10-06',1,NULL),(1357,16,457,'10-07',1,NULL),(1358,16,458,'10-08',1,NULL),(1359,16,459,'10-09',1,NULL),(1360,16,460,'10-10',1,NULL),(1361,16,461,'10-11',1,NULL),(1362,16,462,'10-12',1,NULL),(1363,16,463,'10-13',1,NULL),(1364,16,464,'10-14',1,NULL),(1365,16,465,'10-15',1,NULL),(1366,16,466,'10-16',1,NULL),(1367,16,467,'10-17',1,NULL),(1368,16,468,'10-18',1,NULL),(1369,16,469,'10-19',1,NULL),(1370,16,470,'10-20',1,NULL),(1371,16,471,'10-21',1,NULL),(1372,16,472,'10-22',1,NULL),(1373,16,473,'10-23',1,NULL),(1374,16,474,'10-24',1,NULL),(1375,16,475,'10-25',1,NULL),(1376,16,476,'10-26',1,NULL),(1377,16,477,'10-27',1,NULL),(1378,16,478,'10-28',1,NULL),(1379,16,479,'10-29',1,NULL),(1380,16,480,'10-30',1,NULL),(1381,16,481,'10-31',1,NULL),(1382,16,482,'10-32',1,NULL),(1383,16,483,'10-33',1,NULL),(1384,16,484,'10-34',1,NULL),(1385,16,485,'10-35',1,NULL),(1386,16,486,'10-36',1,NULL),(1387,16,487,'10-37',1,NULL),(1388,16,488,'10-38',1,NULL),(1389,16,489,'10-39',1,NULL),(1390,16,490,'10-40',1,NULL),(1391,16,491,'10-41',1,NULL),(1392,16,492,'10-42',1,NULL),(1393,16,493,'10-43',1,NULL),(1394,16,494,'10-44',1,NULL),(1395,16,495,'10-45',1,NULL),(1396,16,496,'10-46',1,NULL),(1397,16,497,'10-47',1,NULL),(1398,16,498,'10-48',1,NULL),(1399,16,499,'10-49',1,NULL),(1400,16,500,'10-50',1,NULL),(1401,16,501,'11-01',1,NULL),(1402,16,502,'11-02',1,NULL),(1403,16,503,'11-03',1,NULL),(1404,16,504,'11-04',1,NULL),(1405,16,505,'11-05',1,NULL),(1406,16,506,'11-06',1,NULL),(1407,16,507,'11-07',1,NULL),(1408,16,508,'11-08',1,NULL),(1409,16,509,'11-09',1,NULL),(1410,16,510,'11-10',1,NULL),(1411,16,511,'11-11',1,NULL),(1412,16,512,'11-12',1,NULL),(1413,16,513,'11-13',1,NULL),(1414,16,514,'11-14',1,NULL),(1415,16,515,'11-15',1,NULL),(1416,16,516,'11-16',1,NULL),(1417,16,517,'11-17',1,NULL),(1418,16,518,'11-18',1,NULL),(1419,16,519,'11-19',1,NULL),(1420,16,520,'11-20',1,NULL),(1421,16,521,'11-21',1,NULL),(1422,16,522,'11-22',1,NULL),(1423,16,523,'11-23',1,NULL),(1424,16,524,'11-24',1,NULL),(1425,16,525,'11-25',1,NULL),(1426,16,526,'11-26',1,NULL),(1427,16,527,'11-27',1,NULL),(1428,16,528,'11-28',1,NULL),(1429,16,529,'11-29',1,NULL),(1430,16,530,'11-30',1,NULL),(1431,16,531,'11-31',1,NULL),(1432,16,532,'11-32',1,NULL),(1433,16,533,'11-33',1,NULL),(1434,16,534,'11-34',1,NULL),(1435,16,535,'11-35',1,NULL),(1436,16,536,'11-36',1,NULL),(1437,16,537,'11-37',1,NULL),(1438,16,538,'11-38',1,NULL),(1439,16,539,'11-39',1,NULL),(1440,16,540,'11-40',1,NULL),(1441,16,541,'11-41',1,NULL),(1442,16,542,'11-42',1,NULL),(1443,16,543,'11-43',1,NULL),(1444,16,544,'11-44',1,NULL),(1445,16,545,'11-45',1,NULL),(1446,16,546,'11-46',1,NULL),(1447,16,547,'11-47',1,NULL),(1448,16,548,'11-48',1,NULL),(1449,16,549,'11-49',1,NULL),(1450,16,550,'11-50',1,NULL),(1451,16,551,'12-01',1,NULL),(1452,16,552,'12-02',1,NULL),(1453,16,553,'12-03',1,NULL),(1454,16,554,'12-04',1,NULL),(1455,16,555,'12-05',1,NULL),(1456,16,556,'12-06',1,NULL),(1457,16,557,'12-07',1,NULL),(1458,16,558,'12-08',1,NULL),(1459,16,559,'12-09',1,NULL),(1460,16,560,'12-10',1,NULL),(1461,16,561,'12-11',1,NULL),(1462,16,562,'12-12',1,NULL),(1463,16,563,'12-13',1,NULL),(1464,16,564,'12-14',1,NULL),(1465,16,565,'12-15',1,NULL),(1466,16,566,'12-16',1,NULL),(1467,16,567,'12-17',1,NULL),(1468,16,568,'12-18',1,NULL),(1469,16,569,'12-19',1,NULL),(1470,16,570,'12-20',1,NULL),(1471,16,571,'12-21',1,NULL),(1472,16,572,'12-22',1,NULL),(1473,16,573,'12-23',1,NULL),(1474,16,574,'12-24',1,NULL),(1475,16,575,'12-25',1,NULL),(1476,16,576,'12-26',1,NULL),(1477,16,577,'12-27',1,NULL),(1478,16,578,'12-28',1,NULL),(1479,16,579,'12-29',1,NULL),(1480,16,580,'12-30',1,NULL),(1481,16,581,'12-31',1,NULL),(1482,16,582,'12-32',1,NULL),(1483,16,583,'12-33',1,NULL),(1484,16,584,'12-34',1,NULL),(1485,16,585,'12-35',1,NULL),(1486,16,586,'12-36',1,NULL),(1487,16,587,'12-37',1,NULL),(1488,16,588,'12-38',1,NULL),(1489,16,589,'12-39',1,NULL),(1490,16,590,'12-40',1,NULL),(1491,16,591,'12-41',1,NULL),(1492,16,592,'12-42',1,NULL),(1493,16,593,'12-43',1,NULL),(1494,16,594,'12-44',1,NULL),(1495,16,595,'12-45',1,NULL),(1496,16,596,'12-46',1,NULL),(1497,16,597,'12-47',1,NULL),(1498,16,598,'12-48',1,NULL),(1499,16,599,'12-49',1,NULL),(1500,16,600,'12-50',1,NULL),(1501,16,601,'13-01',1,NULL),(1502,16,602,'13-02',1,NULL),(1503,16,603,'13-03',1,NULL),(1504,16,604,'13-04',1,NULL),(1505,16,605,'13-05',1,NULL),(1506,16,606,'13-06',1,NULL),(1507,16,607,'13-07',1,NULL),(1508,16,608,'13-08',1,NULL),(1509,16,609,'13-09',1,NULL),(1510,16,610,'13-10',1,NULL),(1511,16,611,'13-11',1,NULL),(1512,16,612,'13-12',1,NULL),(1513,16,613,'13-13',1,NULL),(1514,16,614,'13-14',1,NULL),(1515,16,615,'13-15',1,NULL),(1516,16,616,'13-16',1,NULL),(1517,16,617,'13-17',1,NULL),(1518,16,618,'13-18',1,NULL),(1519,16,619,'13-19',1,NULL),(1520,16,620,'13-20',1,NULL),(1521,16,621,'13-21',1,NULL),(1522,16,622,'13-22',1,NULL),(1523,16,623,'13-23',1,NULL),(1524,16,624,'13-24',1,NULL),(1525,16,625,'13-25',1,NULL),(1526,16,626,'13-26',1,NULL),(1527,16,627,'13-27',1,NULL),(1528,16,628,'13-28',1,NULL),(1529,16,629,'13-29',1,NULL),(1530,16,630,'13-30',1,NULL),(1531,16,631,'13-31',1,NULL),(1532,16,632,'13-32',1,NULL),(1533,16,633,'13-33',1,NULL),(1534,16,634,'13-34',1,NULL),(1535,16,635,'13-35',1,NULL),(1536,16,636,'13-36',1,NULL),(1537,16,637,'13-37',1,NULL),(1538,16,638,'13-38',1,NULL),(1539,16,639,'13-39',1,NULL),(1540,16,640,'13-40',1,NULL),(1541,16,641,'13-41',1,NULL),(1542,16,642,'13-42',1,NULL),(1543,16,643,'13-43',1,NULL),(1544,16,644,'13-44',1,NULL),(1545,16,645,'13-45',1,NULL),(1546,16,646,'13-46',1,NULL),(1547,16,647,'13-47',1,NULL),(1548,16,648,'13-48',1,NULL),(1549,16,649,'13-49',1,NULL),(1550,16,650,'13-50',1,NULL),(1551,16,651,'14-01',1,NULL),(1552,16,652,'14-02',1,NULL),(1553,16,653,'14-03',1,NULL),(1554,16,654,'14-04',1,NULL),(1555,16,655,'14-05',1,NULL),(1556,16,656,'14-06',1,NULL),(1557,16,657,'14-07',1,NULL),(1558,16,658,'14-08',1,NULL),(1559,16,659,'14-09',1,NULL),(1560,16,660,'14-10',1,NULL),(1561,16,661,'14-11',1,NULL),(1562,16,662,'14-12',1,NULL),(1563,16,663,'14-13',1,NULL),(1564,16,664,'14-14',1,NULL),(1565,16,665,'14-15',1,NULL),(1566,16,666,'14-16',1,NULL),(1567,16,667,'14-17',1,NULL),(1568,16,668,'14-18',1,NULL),(1569,16,669,'14-19',1,NULL),(1570,16,670,'14-20',1,NULL),(1571,16,671,'14-21',1,NULL),(1572,16,672,'14-22',1,NULL),(1573,16,673,'14-23',1,NULL),(1574,16,674,'14-24',1,NULL),(1575,16,675,'14-25',1,NULL),(1576,16,676,'14-26',1,NULL),(1577,16,677,'14-27',1,NULL),(1578,16,678,'14-28',1,NULL),(1579,16,679,'14-29',1,NULL),(1580,16,680,'14-30',1,NULL),(1581,16,681,'14-31',1,NULL),(1582,16,682,'14-32',1,NULL),(1583,16,683,'14-33',1,NULL),(1584,16,684,'14-34',1,NULL),(1585,16,685,'14-35',1,NULL),(1586,16,686,'14-36',1,NULL),(1587,16,687,'14-37',1,NULL),(1588,16,688,'14-38',1,NULL),(1589,16,689,'14-39',1,NULL),(1590,16,690,'14-40',1,NULL),(1591,16,691,'14-41',1,NULL),(1592,16,692,'14-42',1,NULL),(1593,16,693,'14-43',1,NULL),(1594,16,694,'14-44',1,NULL),(1595,16,695,'14-45',1,NULL),(1596,16,696,'14-46',1,NULL),(1597,16,697,'14-47',1,NULL),(1598,16,698,'14-48',1,NULL),(1599,16,699,'14-49',1,NULL),(1600,16,700,'14-50',1,NULL),(1601,16,701,'15-01',1,NULL),(1602,16,702,'15-02',1,NULL),(1603,16,703,'15-03',1,NULL),(1604,16,704,'15-04',1,NULL),(1605,16,705,'15-05',1,NULL),(1606,16,706,'15-06',1,NULL),(1607,16,707,'15-07',1,NULL),(1608,16,708,'15-08',1,NULL),(1609,16,709,'15-09',1,NULL),(1610,16,710,'15-10',1,NULL),(1611,16,711,'15-11',1,NULL),(1612,16,712,'15-12',1,NULL),(1613,16,713,'15-13',1,NULL),(1614,16,714,'15-14',1,NULL),(1615,16,715,'15-15',1,NULL),(1616,16,716,'15-16',1,NULL),(1617,16,717,'15-17',1,NULL),(1618,16,718,'15-18',1,NULL),(1619,16,719,'15-19',1,NULL),(1620,16,720,'15-20',1,NULL),(1621,16,721,'15-21',1,NULL),(1622,16,722,'15-22',1,NULL),(1623,16,723,'15-23',1,NULL),(1624,16,724,'15-24',1,NULL),(1625,16,725,'15-25',1,NULL),(1626,16,726,'15-26',1,NULL),(1627,16,727,'15-27',1,NULL),(1628,16,728,'15-28',1,NULL),(1629,16,729,'15-29',1,NULL),(1630,16,730,'15-30',1,NULL),(1631,16,731,'15-31',1,NULL),(1632,16,732,'15-32',1,NULL),(1633,16,733,'15-33',1,NULL),(1634,16,734,'15-34',1,NULL),(1635,16,735,'15-35',1,NULL),(1636,16,736,'15-36',1,NULL),(1637,16,737,'15-37',1,NULL),(1638,16,738,'15-38',1,NULL),(1639,16,739,'15-39',1,NULL),(1640,16,740,'15-40',1,NULL),(1641,16,741,'15-41',1,NULL),(1642,16,742,'15-42',1,NULL),(1643,16,743,'15-43',1,NULL),(1644,16,744,'15-44',1,NULL),(1645,16,745,'15-45',1,NULL),(1646,16,746,'15-46',1,NULL),(1647,16,747,'15-47',1,NULL),(1648,16,748,'15-48',1,NULL),(1649,16,749,'15-49',1,NULL),(1650,16,750,'15-50',1,NULL),(1651,16,751,'16-01',1,NULL),(1652,16,752,'16-02',1,NULL),(1653,16,753,'16-03',1,NULL),(1654,16,754,'16-04',1,NULL),(1655,16,755,'16-05',1,NULL),(1656,16,756,'16-06',1,NULL),(1657,16,757,'16-07',1,NULL),(1658,16,758,'16-08',1,NULL),(1659,16,759,'16-09',1,NULL),(1660,16,760,'16-10',1,NULL),(1661,16,761,'16-11',1,NULL),(1662,16,762,'16-12',1,NULL),(1663,16,763,'16-13',1,NULL),(1664,16,764,'16-14',1,NULL),(1665,16,765,'16-15',1,NULL),(1666,16,766,'16-16',1,NULL),(1667,16,767,'16-17',1,NULL),(1668,16,768,'16-18',1,NULL),(1669,16,769,'16-19',1,NULL),(1670,16,770,'16-20',1,NULL),(1671,16,771,'16-21',1,NULL),(1672,16,772,'16-22',1,NULL),(1673,16,773,'16-23',1,NULL),(1674,16,774,'16-24',1,NULL),(1675,16,775,'16-25',1,NULL),(1676,16,776,'16-26',1,NULL),(1677,16,777,'16-27',1,NULL),(1678,16,778,'16-28',1,NULL),(1679,16,779,'16-29',1,NULL),(1680,16,780,'16-30',1,NULL),(1681,16,781,'16-31',1,NULL),(1682,16,782,'16-32',1,NULL),(1683,16,783,'16-33',1,NULL),(1684,16,784,'16-34',1,NULL),(1685,16,785,'16-35',1,NULL),(1686,16,786,'16-36',1,NULL),(1687,16,787,'16-37',1,NULL),(1688,16,788,'16-38',1,NULL),(1689,16,789,'16-39',1,NULL),(1690,16,790,'16-40',1,NULL),(1691,16,791,'16-41',1,NULL),(1692,16,792,'16-42',1,NULL),(1693,16,793,'16-43',1,NULL),(1694,16,794,'16-44',1,NULL),(1695,16,795,'16-45',1,NULL),(1696,16,796,'16-46',1,NULL),(1697,16,797,'16-47',1,NULL),(1698,16,798,'16-48',1,NULL),(1699,16,799,'16-49',1,NULL),(1700,16,800,'16-50',1,NULL),(1701,16,801,'17-01',1,NULL),(1702,16,802,'17-02',1,NULL),(1703,16,803,'17-03',1,NULL),(1704,16,804,'17-04',1,NULL),(1705,16,805,'17-05',1,NULL),(1706,16,806,'17-06',1,NULL),(1707,16,807,'17-07',1,NULL),(1708,16,808,'17-08',1,NULL),(1709,16,809,'17-09',1,NULL),(1710,16,810,'17-10',1,NULL),(1711,16,811,'17-11',1,NULL),(1712,16,812,'17-12',1,NULL),(1713,16,813,'17-13',1,NULL),(1714,16,814,'17-14',1,NULL),(1715,16,815,'17-15',1,NULL),(1716,16,816,'17-16',1,NULL),(1717,16,817,'17-17',1,NULL),(1718,16,818,'17-18',1,NULL),(1719,16,819,'17-19',1,NULL),(1720,16,820,'17-20',1,NULL),(1721,16,821,'17-21',1,NULL),(1722,16,822,'17-22',1,NULL),(1723,16,823,'17-23',1,NULL),(1724,16,824,'17-24',1,NULL),(1725,16,825,'17-25',1,NULL),(1726,16,826,'17-26',1,NULL),(1727,16,827,'17-27',1,NULL),(1728,16,828,'17-28',1,NULL),(1729,16,829,'17-29',1,NULL),(1730,16,830,'17-30',1,NULL),(1731,16,831,'17-31',1,NULL),(1732,16,832,'17-32',1,NULL),(1733,16,833,'17-33',1,NULL),(1734,16,834,'17-34',1,NULL),(1735,16,835,'17-35',1,NULL),(1736,16,836,'17-36',1,NULL),(1737,16,837,'17-37',1,NULL),(1738,16,838,'17-38',1,NULL),(1739,16,839,'17-39',1,NULL),(1740,16,840,'17-40',1,NULL),(1741,16,841,'17-41',1,NULL),(1742,16,842,'17-42',1,NULL),(1743,16,843,'17-43',1,NULL),(1744,16,844,'17-44',1,NULL),(1745,16,845,'17-45',1,NULL),(1746,16,846,'17-46',1,NULL),(1747,16,847,'17-47',1,NULL),(1748,16,848,'17-48',1,NULL),(1749,16,849,'17-49',1,NULL),(1750,16,850,'17-50',1,NULL),(1751,16,851,'18-01',1,NULL),(1752,16,852,'18-02',1,NULL),(1753,16,853,'18-03',1,NULL),(1754,16,854,'18-04',1,NULL),(1755,16,855,'18-05',1,NULL),(1756,16,856,'18-06',1,NULL),(1757,16,857,'18-07',1,NULL),(1758,16,858,'18-08',1,NULL),(1759,16,859,'18-09',1,NULL),(1760,16,860,'18-10',1,NULL),(1761,16,861,'18-11',1,NULL),(1762,16,862,'18-12',1,NULL),(1763,16,863,'18-13',1,NULL),(1764,16,864,'18-14',1,NULL),(1765,16,865,'18-15',1,NULL),(1766,16,866,'18-16',1,NULL),(1767,16,867,'18-17',1,NULL),(1768,16,868,'18-18',1,NULL),(1769,16,869,'18-19',1,NULL),(1770,16,870,'18-20',1,NULL),(1771,16,871,'18-21',1,NULL),(1772,16,872,'18-22',1,NULL),(1773,16,873,'18-23',1,NULL),(1774,16,874,'18-24',1,NULL),(1775,16,875,'18-25',1,NULL),(1776,16,876,'18-26',1,NULL),(1777,16,877,'18-27',1,NULL),(1778,16,878,'18-28',1,NULL),(1779,16,879,'18-29',1,NULL),(1780,16,880,'18-30',1,NULL),(1781,16,881,'18-31',1,NULL),(1782,16,882,'18-32',1,NULL),(1783,16,883,'18-33',1,NULL),(1784,16,884,'18-34',1,NULL),(1785,16,885,'18-35',1,NULL),(1786,16,886,'18-36',1,NULL),(1787,16,887,'18-37',1,NULL),(1788,16,888,'18-38',1,NULL),(1789,16,889,'18-39',1,NULL),(1790,16,890,'18-40',1,NULL),(1791,16,891,'18-41',1,NULL),(1792,16,892,'18-42',1,NULL),(1793,16,893,'18-43',1,NULL),(1794,16,894,'18-44',1,NULL),(1795,16,895,'18-45',1,NULL),(1796,16,896,'18-46',1,NULL),(1797,16,897,'18-47',1,NULL),(1798,16,898,'18-48',1,NULL),(1799,16,899,'18-49',1,NULL),(1800,16,900,'18-50',1,NULL),(1924,11,1,'01-01',1,NULL),(1925,11,2,'01-02',1,NULL),(1926,11,3,'01-03',1,NULL),(1927,11,4,'01-04',1,NULL),(1928,11,5,'01-05',1,NULL),(1929,11,6,'01-06',1,NULL),(1930,11,7,'01-07',1,NULL),(1931,11,8,'01-08',1,NULL),(1932,11,9,'01-09',1,NULL),(1933,11,10,'01-10',1,NULL),(1934,11,11,'01-11',1,NULL),(1935,11,12,'01-12',1,NULL),(1936,11,13,'01-13',1,NULL),(1937,11,14,'01-14',1,NULL),(1938,11,15,'01-15',1,NULL),(1939,11,16,'01-16',1,NULL),(1940,11,17,'01-17',1,NULL),(1941,11,18,'01-18',1,NULL),(1942,11,19,'01-19',1,NULL),(1943,11,20,'01-20',1,NULL),(1944,11,21,'01-21',1,NULL),(1945,11,22,'01-22',1,NULL),(1946,11,23,'01-23',1,NULL),(1947,11,24,'01-24',1,NULL),(1948,11,25,'01-25',1,NULL),(1949,11,26,'01-26',1,NULL),(1950,11,27,'01-27',1,NULL),(1951,11,28,'01-28',1,NULL),(1952,11,29,'01-29',1,NULL),(1953,11,30,'01-30',1,NULL),(1954,11,31,'01-31',1,NULL),(1955,11,32,'01-32',1,NULL),(1956,11,33,'01-33',1,NULL),(1957,11,34,'01-34',1,NULL),(1958,11,35,'01-35',1,NULL),(1959,11,36,'01-36',1,NULL),(1960,11,37,'01-37',1,NULL),(1961,11,38,'01-38',1,NULL),(1962,11,39,'01-39',1,NULL),(1963,11,40,'01-40',1,NULL),(1964,11,41,'01-41',1,NULL),(1965,11,42,'01-42',1,NULL),(1966,11,43,'01-43',1,NULL),(1967,11,44,'01-44',1,NULL),(1968,11,45,'01-45',1,NULL),(1969,11,46,'01-46',1,NULL),(1970,11,47,'01-47',1,NULL),(1971,11,48,'01-48',1,NULL),(1972,11,49,'01-49',0,13),(1973,11,50,'01-50',0,13),(1974,11,51,'02-01',1,NULL),(1975,11,52,'02-02',1,NULL),(1976,11,53,'02-03',1,NULL),(1977,11,54,'02-04',1,NULL),(1978,11,55,'02-05',1,NULL),(1979,11,56,'02-06',1,NULL),(1980,11,57,'02-07',1,NULL),(1981,11,58,'02-08',1,NULL),(1982,11,59,'02-09',1,NULL),(1983,11,60,'02-10',1,NULL),(1984,11,61,'02-11',1,NULL),(1985,11,62,'02-12',1,NULL),(1986,11,63,'02-13',1,NULL),(1987,11,64,'02-14',1,NULL),(1988,11,65,'02-15',1,NULL),(1989,11,66,'02-16',1,NULL),(1990,11,67,'02-17',1,NULL),(1991,11,68,'02-18',1,NULL),(1992,11,69,'02-19',1,NULL),(1993,11,70,'02-20',1,NULL),(1994,11,71,'02-21',1,NULL),(1995,11,72,'02-22',1,NULL),(1996,11,73,'02-23',1,NULL),(1997,11,74,'02-24',1,NULL),(1998,11,75,'02-25',1,NULL),(1999,11,76,'02-26',1,NULL),(2000,11,77,'02-27',1,NULL),(2001,11,78,'02-28',1,NULL),(2002,11,79,'02-29',1,NULL),(2003,11,80,'02-30',1,NULL),(2004,11,81,'02-31',1,NULL),(2005,11,82,'02-32',1,NULL),(2006,11,83,'02-33',1,NULL),(2007,11,84,'02-34',1,NULL),(2008,11,85,'02-35',1,NULL),(2009,11,86,'02-36',1,NULL),(2010,11,87,'02-37',1,NULL),(2011,11,88,'02-38',1,NULL),(2012,11,89,'02-39',1,NULL),(2013,11,90,'02-40',1,NULL),(2014,11,91,'02-41',1,NULL),(2015,11,92,'02-42',1,NULL),(2016,11,93,'02-43',1,NULL),(2017,11,94,'02-44',1,NULL),(2018,11,95,'02-45',1,NULL),(2019,11,96,'02-46',1,NULL),(2020,11,97,'02-47',1,NULL),(2021,11,98,'02-48',1,NULL),(2022,11,99,'02-49',1,NULL),(2023,11,100,'02-50',1,NULL),(2024,11,101,'03-01',1,NULL),(2025,11,102,'03-02',1,NULL),(2026,11,103,'03-03',1,NULL),(2027,11,104,'03-04',1,NULL),(2028,11,105,'03-05',1,NULL),(2029,11,106,'03-06',1,NULL),(2030,11,107,'03-07',1,NULL),(2031,11,108,'03-08',1,NULL),(2032,11,109,'03-09',1,NULL),(2033,11,110,'03-10',1,NULL),(2034,11,111,'03-11',1,NULL),(2035,11,112,'03-12',1,NULL),(2036,11,113,'03-13',1,NULL),(2037,11,114,'03-14',1,NULL),(2038,11,115,'03-15',1,NULL),(2039,11,116,'03-16',1,NULL),(2040,11,117,'03-17',1,NULL),(2041,11,118,'03-18',1,NULL),(2042,11,119,'03-19',1,NULL),(2043,11,120,'03-20',1,NULL),(2044,11,121,'03-21',1,NULL),(2045,11,122,'03-22',1,NULL),(2046,11,123,'03-23',1,NULL),(2047,11,124,'03-24',1,NULL),(2048,11,125,'03-25',1,NULL),(2049,11,126,'03-26',1,NULL),(2050,11,127,'03-27',1,NULL),(2051,11,128,'03-28',1,NULL),(2052,11,129,'03-29',1,NULL),(2053,11,130,'03-30',1,NULL),(2054,11,131,'03-31',1,NULL),(2055,11,132,'03-32',1,NULL),(2056,11,133,'03-33',1,NULL),(2057,11,134,'03-34',1,NULL),(2058,11,135,'03-35',1,NULL),(2059,11,136,'03-36',1,NULL),(2060,11,137,'03-37',1,NULL),(2061,11,138,'03-38',1,NULL),(2062,11,139,'03-39',1,NULL),(2063,11,140,'03-40',1,NULL),(2064,11,141,'03-41',1,NULL),(2065,11,142,'03-42',1,NULL),(2066,11,143,'03-43',1,NULL),(2067,11,144,'03-44',1,NULL),(2068,11,145,'03-45',1,NULL),(2069,11,146,'03-46',1,NULL),(2070,11,147,'03-47',1,NULL),(2071,11,148,'03-48',1,NULL),(2072,11,149,'03-49',1,NULL),(2073,11,150,'03-50',1,NULL),(2074,11,151,'04-01',1,NULL),(2075,11,152,'04-02',1,NULL),(2076,11,153,'04-03',1,NULL),(2077,11,154,'04-04',1,NULL),(2078,11,155,'04-05',1,NULL),(2079,11,156,'04-06',1,NULL),(2080,11,157,'04-07',1,NULL),(2081,11,158,'04-08',1,NULL),(2082,11,159,'04-09',1,NULL),(2083,11,160,'04-10',1,NULL),(2084,11,161,'04-11',1,NULL),(2085,11,162,'04-12',1,NULL),(2086,11,163,'04-13',1,NULL),(2087,11,164,'04-14',1,NULL),(2088,11,165,'04-15',1,NULL),(2089,11,166,'04-16',1,NULL),(2090,11,167,'04-17',1,NULL),(2091,11,168,'04-18',1,NULL),(2092,11,169,'04-19',1,NULL),(2093,11,170,'04-20',1,NULL),(2094,11,171,'04-21',1,NULL),(2095,11,172,'04-22',1,NULL),(2096,11,173,'04-23',1,NULL),(2097,11,174,'04-24',1,NULL),(2098,11,175,'04-25',1,NULL),(2099,11,176,'04-26',1,NULL),(2100,11,177,'04-27',1,NULL),(2101,11,178,'04-28',1,NULL),(2102,11,179,'04-29',1,NULL),(2103,11,180,'04-30',1,NULL),(2104,11,181,'04-31',1,NULL),(2105,11,182,'04-32',1,NULL),(2106,11,183,'04-33',1,NULL),(2107,11,184,'04-34',1,NULL),(2108,11,185,'04-35',1,NULL),(2109,11,186,'04-36',1,NULL),(2110,11,187,'04-37',1,NULL),(2111,11,188,'04-38',1,NULL),(2112,11,189,'04-39',1,NULL),(2113,11,190,'04-40',1,NULL),(2114,11,191,'04-41',1,NULL),(2115,11,192,'04-42',1,NULL),(2116,11,193,'04-43',1,NULL),(2117,11,194,'04-44',1,NULL),(2118,11,195,'04-45',1,NULL),(2119,11,196,'04-46',1,NULL),(2120,11,197,'04-47',1,NULL),(2121,11,198,'04-48',1,NULL),(2122,11,199,'04-49',1,NULL),(2123,11,200,'04-50',1,NULL),(2124,11,201,'05-01',1,NULL),(2125,11,202,'05-02',1,NULL),(2126,11,203,'05-03',1,NULL),(2127,11,204,'05-04',1,NULL),(2128,11,205,'05-05',1,NULL),(2129,11,206,'05-06',1,NULL),(2130,11,207,'05-07',1,NULL),(2131,11,208,'05-08',1,NULL),(2132,11,209,'05-09',1,NULL),(2133,11,210,'05-10',1,NULL),(2134,11,211,'05-11',1,NULL),(2135,11,212,'05-12',1,NULL),(2136,11,213,'05-13',1,NULL),(2137,11,214,'05-14',1,NULL),(2138,11,215,'05-15',1,NULL),(2139,11,216,'05-16',1,NULL),(2140,11,217,'05-17',1,NULL),(2141,11,218,'05-18',1,NULL),(2142,11,219,'05-19',1,NULL),(2143,11,220,'05-20',1,NULL),(2144,11,221,'05-21',1,NULL),(2145,11,222,'05-22',1,NULL),(2146,11,223,'05-23',1,NULL),(2147,11,224,'05-24',1,NULL),(2148,11,225,'05-25',1,NULL),(2149,11,226,'05-26',1,NULL),(2150,11,227,'05-27',1,NULL),(2151,11,228,'05-28',1,NULL),(2152,11,229,'05-29',1,NULL),(2153,11,230,'05-30',1,NULL),(2154,11,231,'05-31',1,NULL),(2155,11,232,'05-32',1,NULL),(2156,11,233,'05-33',1,NULL),(2157,11,234,'05-34',1,NULL),(2158,11,235,'05-35',1,NULL),(2159,11,236,'05-36',1,NULL),(2160,11,237,'05-37',1,NULL),(2161,11,238,'05-38',1,NULL),(2162,11,239,'05-39',1,NULL),(2163,11,240,'05-40',1,NULL),(2164,11,241,'05-41',1,NULL),(2165,11,242,'05-42',1,NULL),(2166,11,243,'05-43',1,NULL),(2167,11,244,'05-44',1,NULL),(2168,11,245,'05-45',1,NULL),(2169,11,246,'05-46',1,NULL),(2170,11,247,'05-47',1,NULL),(2171,11,248,'05-48',1,NULL),(2172,11,249,'05-49',1,NULL),(2173,11,250,'05-50',1,NULL),(2174,11,251,'06-01',1,NULL),(2175,11,252,'06-02',1,NULL),(2176,11,253,'06-03',1,NULL),(2177,11,254,'06-04',1,NULL),(2178,11,255,'06-05',1,NULL),(2179,11,256,'06-06',1,NULL),(2180,11,257,'06-07',1,NULL),(2181,11,258,'06-08',1,NULL),(2182,11,259,'06-09',1,NULL),(2183,11,260,'06-10',1,NULL),(2184,11,261,'06-11',1,NULL),(2185,11,262,'06-12',1,NULL),(2186,11,263,'06-13',1,NULL),(2187,11,264,'06-14',1,NULL),(2188,11,265,'06-15',1,NULL),(2189,11,266,'06-16',1,NULL),(2190,11,267,'06-17',1,NULL),(2191,11,268,'06-18',1,NULL),(2192,11,269,'06-19',1,NULL),(2193,11,270,'06-20',1,NULL),(2194,11,271,'06-21',1,NULL),(2195,11,272,'06-22',1,NULL),(2196,11,273,'06-23',1,NULL),(2197,11,274,'06-24',1,NULL),(2198,11,275,'06-25',1,NULL),(2199,11,276,'06-26',1,NULL),(2200,11,277,'06-27',1,NULL),(2201,11,278,'06-28',1,NULL),(2202,11,279,'06-29',1,NULL),(2203,11,280,'06-30',1,NULL),(2204,11,281,'06-31',1,NULL),(2205,11,282,'06-32',1,NULL),(2206,11,283,'06-33',1,NULL),(2207,11,284,'06-34',1,NULL),(2208,11,285,'06-35',1,NULL),(2209,11,286,'06-36',1,NULL),(2210,11,287,'06-37',1,NULL),(2211,11,288,'06-38',1,NULL),(2212,11,289,'06-39',1,NULL),(2213,11,290,'06-40',1,NULL),(2214,11,291,'06-41',1,NULL),(2215,11,292,'06-42',1,NULL),(2216,11,293,'06-43',1,NULL),(2217,11,294,'06-44',1,NULL),(2218,11,295,'06-45',1,NULL),(2219,11,296,'06-46',1,NULL),(2220,11,297,'06-47',1,NULL),(2221,11,298,'06-48',1,NULL),(2222,11,299,'06-49',1,NULL),(2223,11,300,'06-50',1,NULL),(2224,11,301,'07-01',1,NULL),(2225,11,302,'07-02',1,NULL),(2226,11,303,'07-03',1,NULL),(2227,11,304,'07-04',1,NULL),(2228,11,305,'07-05',1,NULL),(2229,11,306,'07-06',1,NULL),(2230,11,307,'07-07',1,NULL),(2231,11,308,'07-08',1,NULL),(2232,11,309,'07-09',1,NULL),(2233,11,310,'07-10',1,NULL),(2234,11,311,'07-11',1,NULL),(2235,11,312,'07-12',1,NULL),(2236,11,313,'07-13',1,NULL),(2237,11,314,'07-14',1,NULL),(2238,11,315,'07-15',1,NULL),(2239,11,316,'07-16',1,NULL),(2240,11,317,'07-17',1,NULL),(2241,11,318,'07-18',1,NULL),(2242,11,319,'07-19',1,NULL),(2243,11,320,'07-20',1,NULL),(2244,11,321,'07-21',1,NULL),(2245,11,322,'07-22',1,NULL),(2246,11,323,'07-23',1,NULL),(2247,11,324,'07-24',1,NULL),(2248,11,325,'07-25',1,NULL),(2249,11,326,'07-26',1,NULL),(2250,11,327,'07-27',1,NULL),(2251,11,328,'07-28',1,NULL),(2252,11,329,'07-29',1,NULL),(2253,11,330,'07-30',1,NULL),(2254,11,331,'07-31',1,NULL),(2255,11,332,'07-32',1,NULL),(2256,11,333,'07-33',1,NULL),(2257,11,334,'07-34',1,NULL),(2258,11,335,'07-35',1,NULL),(2259,11,336,'07-36',1,NULL),(2260,11,337,'07-37',1,NULL),(2261,11,338,'07-38',1,NULL),(2262,11,339,'07-39',1,NULL),(2263,11,340,'07-40',1,NULL),(2264,11,341,'07-41',1,NULL),(2265,11,342,'07-42',1,NULL),(2266,11,343,'07-43',1,NULL),(2267,11,344,'07-44',1,NULL),(2268,11,345,'07-45',1,NULL),(2269,11,346,'07-46',1,NULL),(2270,11,347,'07-47',1,NULL),(2271,11,348,'07-48',1,NULL),(2272,11,349,'07-49',1,NULL),(2273,11,350,'07-50',1,NULL),(2274,11,351,'08-01',1,NULL),(2275,11,352,'08-02',1,NULL),(2276,11,353,'08-03',1,NULL),(2277,11,354,'08-04',1,NULL),(2278,11,355,'08-05',1,NULL),(2279,11,356,'08-06',1,NULL),(2280,11,357,'08-07',1,NULL),(2281,11,358,'08-08',1,NULL),(2282,11,359,'08-09',1,NULL),(2283,11,360,'08-10',1,NULL),(2284,11,361,'08-11',1,NULL),(2285,11,362,'08-12',1,NULL),(2286,11,363,'08-13',1,NULL),(2287,11,364,'08-14',1,NULL),(2288,11,365,'08-15',1,NULL),(2289,11,366,'08-16',1,NULL),(2290,11,367,'08-17',1,NULL),(2291,11,368,'08-18',1,NULL),(2292,11,369,'08-19',1,NULL),(2293,11,370,'08-20',1,NULL),(2294,11,371,'08-21',1,NULL),(2295,11,372,'08-22',1,NULL),(2296,11,373,'08-23',1,NULL),(2297,11,374,'08-24',1,NULL),(2298,11,375,'08-25',1,NULL),(2299,11,376,'08-26',1,NULL),(2300,11,377,'08-27',1,NULL),(2301,11,378,'08-28',1,NULL),(2302,11,379,'08-29',1,NULL),(2303,11,380,'08-30',1,NULL),(2304,11,381,'08-31',1,NULL),(2305,11,382,'08-32',1,NULL),(2306,11,383,'08-33',1,NULL),(2307,11,384,'08-34',1,NULL),(2308,11,385,'08-35',1,NULL),(2309,11,386,'08-36',1,NULL),(2310,11,387,'08-37',1,NULL),(2311,11,388,'08-38',1,NULL),(2312,11,389,'08-39',1,NULL),(2313,11,390,'08-40',1,NULL),(2314,11,391,'08-41',1,NULL),(2315,11,392,'08-42',1,NULL),(2316,11,393,'08-43',1,NULL),(2317,11,394,'08-44',1,NULL),(2318,11,395,'08-45',1,NULL),(2319,11,396,'08-46',1,NULL),(2320,11,397,'08-47',1,NULL),(2321,11,398,'08-48',1,NULL),(2322,11,399,'08-49',1,NULL),(2323,11,400,'08-50',1,NULL),(2324,11,401,'09-01',1,NULL),(2325,11,402,'09-02',1,NULL),(2326,11,403,'09-03',1,NULL),(2327,11,404,'09-04',1,NULL),(2328,11,405,'09-05',1,NULL),(2329,11,406,'09-06',1,NULL),(2330,11,407,'09-07',1,NULL),(2331,11,408,'09-08',1,NULL),(2332,11,409,'09-09',1,NULL),(2333,11,410,'09-10',1,NULL),(2334,11,411,'09-11',1,NULL),(2335,11,412,'09-12',1,NULL),(2336,11,413,'09-13',1,NULL),(2337,11,414,'09-14',1,NULL),(2338,11,415,'09-15',1,NULL),(2339,11,416,'09-16',1,NULL),(2340,11,417,'09-17',1,NULL),(2341,11,418,'09-18',1,NULL),(2342,11,419,'09-19',1,NULL),(2343,11,420,'09-20',1,NULL),(2344,11,421,'09-21',1,NULL),(2345,11,422,'09-22',1,NULL),(2346,11,423,'09-23',1,NULL),(2347,11,424,'09-24',1,NULL),(2348,11,425,'09-25',1,NULL),(2349,11,426,'09-26',1,NULL),(2350,11,427,'09-27',1,NULL),(2351,11,428,'09-28',1,NULL),(2352,11,429,'09-29',1,NULL),(2353,11,430,'09-30',1,NULL),(2354,11,431,'09-31',1,NULL),(2355,11,432,'09-32',1,NULL),(2356,11,433,'09-33',1,NULL),(2357,11,434,'09-34',1,NULL),(2358,11,435,'09-35',1,NULL),(2359,11,436,'09-36',1,NULL),(2360,11,437,'09-37',1,NULL),(2361,11,438,'09-38',1,NULL),(2362,11,439,'09-39',1,NULL),(2363,11,440,'09-40',1,NULL),(2364,11,441,'09-41',1,NULL),(2365,11,442,'09-42',1,NULL),(2366,11,443,'09-43',1,NULL),(2367,11,444,'09-44',1,NULL),(2368,11,445,'09-45',1,NULL),(2369,11,446,'09-46',1,NULL),(2370,11,447,'09-47',1,NULL),(2371,11,448,'09-48',1,NULL),(2372,11,449,'09-49',1,NULL),(2373,11,450,'09-50',1,NULL),(2374,11,451,'10-01',1,NULL),(2375,11,452,'10-02',1,NULL),(2376,11,453,'10-03',1,NULL),(2377,11,454,'10-04',1,NULL),(2378,11,455,'10-05',1,NULL),(2379,11,456,'10-06',1,NULL),(2380,11,457,'10-07',1,NULL),(2381,11,458,'10-08',1,NULL),(2382,11,459,'10-09',1,NULL),(2383,11,460,'10-10',1,NULL),(2384,11,461,'10-11',1,NULL),(2385,11,462,'10-12',1,NULL),(2386,11,463,'10-13',1,NULL),(2387,11,464,'10-14',1,NULL),(2388,11,465,'10-15',1,NULL),(2389,11,466,'10-16',1,NULL),(2390,11,467,'10-17',1,NULL),(2391,11,468,'10-18',1,NULL),(2392,11,469,'10-19',1,NULL),(2393,11,470,'10-20',1,NULL),(2394,11,471,'10-21',1,NULL),(2395,11,472,'10-22',1,NULL),(2396,11,473,'10-23',1,NULL),(2397,11,474,'10-24',1,NULL),(2398,11,475,'10-25',1,NULL),(2399,11,476,'10-26',1,NULL),(2400,11,477,'10-27',1,NULL),(2401,11,478,'10-28',1,NULL),(2402,11,479,'10-29',1,NULL),(2403,11,480,'10-30',1,NULL),(2404,11,481,'10-31',1,NULL),(2405,11,482,'10-32',1,NULL),(2406,11,483,'10-33',1,NULL),(2407,11,484,'10-34',1,NULL),(2408,11,485,'10-35',1,NULL),(2409,11,486,'10-36',1,NULL),(2410,11,487,'10-37',1,NULL),(2411,11,488,'10-38',1,NULL),(2412,11,489,'10-39',1,NULL),(2413,11,490,'10-40',1,NULL),(2414,11,491,'10-41',1,NULL),(2415,11,492,'10-42',1,NULL),(2416,11,493,'10-43',1,NULL),(2417,11,494,'10-44',1,NULL),(2418,11,495,'10-45',1,NULL),(2419,11,496,'10-46',1,NULL),(2420,11,497,'10-47',1,NULL),(2421,11,498,'10-48',1,NULL),(2422,11,499,'10-49',1,NULL),(2423,11,500,'10-50',1,NULL),(2424,11,501,'11-01',1,NULL),(2425,11,502,'11-02',1,NULL),(2426,11,503,'11-03',1,NULL),(2427,11,504,'11-04',1,NULL),(2428,11,505,'11-05',1,NULL),(2429,11,506,'11-06',1,NULL),(2430,11,507,'11-07',1,NULL),(2431,11,508,'11-08',1,NULL),(2432,11,509,'11-09',1,NULL),(2433,11,510,'11-10',1,NULL),(2434,11,511,'11-11',1,NULL),(2435,11,512,'11-12',1,NULL),(2436,11,513,'11-13',1,NULL),(2437,11,514,'11-14',1,NULL),(2438,11,515,'11-15',1,NULL),(2439,11,516,'11-16',1,NULL),(2440,11,517,'11-17',1,NULL),(2441,11,518,'11-18',1,NULL),(2442,11,519,'11-19',1,NULL),(2443,11,520,'11-20',1,NULL),(2444,11,521,'11-21',1,NULL),(2445,11,522,'11-22',1,NULL),(2446,11,523,'11-23',1,NULL),(2447,11,524,'11-24',1,NULL),(2448,11,525,'11-25',1,NULL),(2449,11,526,'11-26',1,NULL),(2450,11,527,'11-27',1,NULL),(2451,11,528,'11-28',1,NULL),(2452,11,529,'11-29',1,NULL),(2453,11,530,'11-30',1,NULL),(2454,11,531,'11-31',1,NULL),(2455,11,532,'11-32',1,NULL),(2456,11,533,'11-33',1,NULL),(2457,11,534,'11-34',1,NULL),(2458,11,535,'11-35',1,NULL),(2459,11,536,'11-36',1,NULL),(2460,11,537,'11-37',1,NULL),(2461,11,538,'11-38',1,NULL),(2462,11,539,'11-39',1,NULL),(2463,11,540,'11-40',1,NULL),(2464,11,541,'11-41',1,NULL),(2465,11,542,'11-42',1,NULL),(2466,11,543,'11-43',1,NULL),(2467,11,544,'11-44',1,NULL),(2468,11,545,'11-45',1,NULL),(2469,11,546,'11-46',1,NULL),(2470,11,547,'11-47',1,NULL),(2471,11,548,'11-48',1,NULL),(2472,11,549,'11-49',1,NULL),(2473,11,550,'11-50',1,NULL),(2474,11,551,'12-01',1,NULL),(2475,11,552,'12-02',1,NULL),(2476,11,553,'12-03',1,NULL),(2477,11,554,'12-04',1,NULL),(2478,11,555,'12-05',1,NULL),(2479,11,556,'12-06',1,NULL),(2480,11,557,'12-07',1,NULL),(2481,11,558,'12-08',1,NULL),(2482,11,559,'12-09',1,NULL),(2483,11,560,'12-10',1,NULL),(2484,11,561,'12-11',1,NULL),(2485,11,562,'12-12',1,NULL),(2486,11,563,'12-13',1,NULL),(2487,11,564,'12-14',1,NULL),(2488,11,565,'12-15',1,NULL),(2489,11,566,'12-16',1,NULL),(2490,11,567,'12-17',1,NULL),(2491,11,568,'12-18',1,NULL),(2492,11,569,'12-19',1,NULL),(2493,11,570,'12-20',1,NULL),(2494,11,571,'12-21',1,NULL),(2495,11,572,'12-22',1,NULL),(2496,11,573,'12-23',1,NULL),(2497,11,574,'12-24',1,NULL),(2498,11,575,'12-25',1,NULL),(2499,11,576,'12-26',1,NULL),(2500,11,577,'12-27',1,NULL),(2501,11,578,'12-28',1,NULL),(2502,11,579,'12-29',1,NULL),(2503,11,580,'12-30',1,NULL),(2504,11,581,'12-31',1,NULL),(2505,11,582,'12-32',1,NULL),(2506,11,583,'12-33',1,NULL),(2507,11,584,'12-34',1,NULL),(2508,11,585,'12-35',1,NULL),(2509,11,586,'12-36',1,NULL),(2510,11,587,'12-37',1,NULL),(2511,11,588,'12-38',1,NULL),(2512,11,589,'12-39',1,NULL),(2513,11,590,'12-40',1,NULL),(2514,11,591,'12-41',1,NULL),(2515,11,592,'12-42',1,NULL),(2516,11,593,'12-43',1,NULL),(2517,11,594,'12-44',1,NULL),(2518,11,595,'12-45',1,NULL),(2519,11,596,'12-46',1,NULL),(2520,11,597,'12-47',1,NULL),(2521,11,598,'12-48',1,NULL),(2522,11,599,'12-49',1,NULL),(2523,11,600,'12-50',1,NULL),(2524,11,601,'13-01',1,NULL),(2525,11,602,'13-02',1,NULL),(2526,11,603,'13-03',1,NULL),(2527,11,604,'13-04',1,NULL),(2528,11,605,'13-05',1,NULL),(2529,11,606,'13-06',1,NULL),(2530,11,607,'13-07',1,NULL),(2531,11,608,'13-08',1,NULL),(2532,11,609,'13-09',1,NULL),(2533,11,610,'13-10',1,NULL),(2534,11,611,'13-11',1,NULL),(2535,11,612,'13-12',1,NULL),(2536,11,613,'13-13',1,NULL),(2537,11,614,'13-14',1,NULL),(2538,11,615,'13-15',1,NULL),(2539,11,616,'13-16',1,NULL),(2540,11,617,'13-17',1,NULL),(2541,11,618,'13-18',1,NULL),(2542,11,619,'13-19',1,NULL),(2543,11,620,'13-20',1,NULL),(2544,11,621,'13-21',1,NULL),(2545,11,622,'13-22',1,NULL),(2546,11,623,'13-23',1,NULL),(2547,11,624,'13-24',1,NULL),(2548,11,625,'13-25',1,NULL),(2549,11,626,'13-26',1,NULL),(2550,11,627,'13-27',1,NULL),(2551,11,628,'13-28',1,NULL),(2552,11,629,'13-29',1,NULL),(2553,11,630,'13-30',1,NULL),(2554,11,631,'13-31',1,NULL),(2555,11,632,'13-32',1,NULL),(2556,11,633,'13-33',1,NULL),(2557,11,634,'13-34',1,NULL),(2558,11,635,'13-35',1,NULL),(2559,11,636,'13-36',1,NULL),(2560,11,637,'13-37',1,NULL),(2561,11,638,'13-38',1,NULL),(2562,11,639,'13-39',1,NULL),(2563,11,640,'13-40',1,NULL),(2564,11,641,'13-41',1,NULL),(2565,11,642,'13-42',1,NULL),(2566,11,643,'13-43',1,NULL),(2567,11,644,'13-44',1,NULL),(2568,11,645,'13-45',1,NULL),(2569,11,646,'13-46',1,NULL),(2570,11,647,'13-47',1,NULL),(2571,11,648,'13-48',1,NULL),(2572,11,649,'13-49',1,NULL),(2573,11,650,'13-50',1,NULL),(2574,11,651,'14-01',1,NULL),(2575,11,652,'14-02',1,NULL),(2576,11,653,'14-03',1,NULL),(2577,11,654,'14-04',1,NULL),(2578,11,655,'14-05',1,NULL),(2579,11,656,'14-06',1,NULL),(2580,11,657,'14-07',1,NULL),(2581,11,658,'14-08',1,NULL),(2582,11,659,'14-09',1,NULL),(2583,11,660,'14-10',1,NULL),(2584,11,661,'14-11',1,NULL),(2585,11,662,'14-12',1,NULL),(2586,11,663,'14-13',1,NULL),(2587,11,664,'14-14',1,NULL),(2588,11,665,'14-15',1,NULL),(2589,11,666,'14-16',1,NULL),(2590,11,667,'14-17',1,NULL),(2591,11,668,'14-18',1,NULL),(2592,11,669,'14-19',1,NULL),(2593,11,670,'14-20',1,NULL),(2594,11,671,'14-21',1,NULL),(2595,11,672,'14-22',1,NULL),(2596,11,673,'14-23',1,NULL),(2597,11,674,'14-24',1,NULL),(2598,11,675,'14-25',1,NULL),(2599,11,676,'14-26',1,NULL),(2600,11,677,'14-27',1,NULL),(2601,11,678,'14-28',1,NULL),(2602,11,679,'14-29',1,NULL),(2603,11,680,'14-30',1,NULL),(2604,11,681,'14-31',1,NULL),(2605,11,682,'14-32',1,NULL),(2606,11,683,'14-33',1,NULL),(2607,11,684,'14-34',1,NULL),(2608,11,685,'14-35',1,NULL),(2609,11,686,'14-36',1,NULL),(2610,11,687,'14-37',1,NULL),(2611,11,688,'14-38',1,NULL),(2612,11,689,'14-39',1,NULL),(2613,11,690,'14-40',1,NULL),(2614,11,691,'14-41',1,NULL),(2615,11,692,'14-42',1,NULL),(2616,11,693,'14-43',1,NULL),(2617,11,694,'14-44',1,NULL),(2618,11,695,'14-45',1,NULL),(2619,11,696,'14-46',1,NULL),(2620,11,697,'14-47',1,NULL),(2621,11,698,'14-48',1,NULL),(2622,11,699,'14-49',1,NULL),(2623,11,700,'14-50',1,NULL),(2624,11,701,'15-01',1,NULL),(2625,11,702,'15-02',1,NULL),(2626,11,703,'15-03',1,NULL),(2627,11,704,'15-04',1,NULL),(2628,11,705,'15-05',1,NULL),(2629,11,706,'15-06',1,NULL),(2630,11,707,'15-07',1,NULL),(2631,11,708,'15-08',1,NULL),(2632,11,709,'15-09',1,NULL),(2633,11,710,'15-10',1,NULL),(2634,11,711,'15-11',1,NULL),(2635,11,712,'15-12',1,NULL),(2636,11,713,'15-13',1,NULL),(2637,11,714,'15-14',1,NULL),(2638,11,715,'15-15',1,NULL),(2639,11,716,'15-16',1,NULL),(2640,11,717,'15-17',1,NULL),(2641,11,718,'15-18',1,NULL),(2642,11,719,'15-19',1,NULL),(2643,11,720,'15-20',1,NULL),(2644,11,721,'15-21',1,NULL),(2645,11,722,'15-22',1,NULL),(2646,11,723,'15-23',1,NULL),(2647,11,724,'15-24',1,NULL),(2648,11,725,'15-25',1,NULL),(2649,11,726,'15-26',1,NULL),(2650,11,727,'15-27',1,NULL),(2651,11,728,'15-28',1,NULL),(2652,11,729,'15-29',1,NULL),(2653,11,730,'15-30',1,NULL),(2654,11,731,'15-31',1,NULL),(2655,11,732,'15-32',1,NULL),(2656,11,733,'15-33',1,NULL),(2657,11,734,'15-34',1,NULL),(2658,11,735,'15-35',1,NULL),(2659,11,736,'15-36',1,NULL),(2660,11,737,'15-37',1,NULL),(2661,11,738,'15-38',1,NULL),(2662,11,739,'15-39',1,NULL),(2663,11,740,'15-40',1,NULL),(2664,11,741,'15-41',1,NULL),(2665,11,742,'15-42',1,NULL),(2666,11,743,'15-43',1,NULL),(2667,11,744,'15-44',1,NULL),(2668,11,745,'15-45',1,NULL),(2669,11,746,'15-46',1,NULL),(2670,11,747,'15-47',1,NULL),(2671,11,748,'15-48',1,NULL),(2672,11,749,'15-49',1,NULL),(2673,11,750,'15-50',1,NULL),(2674,11,751,'16-01',1,NULL),(2675,11,752,'16-02',1,NULL),(2676,11,753,'16-03',1,NULL),(2677,11,754,'16-04',1,NULL),(2678,11,755,'16-05',1,NULL),(2679,11,756,'16-06',1,NULL),(2680,11,757,'16-07',1,NULL),(2681,11,758,'16-08',1,NULL),(2682,11,759,'16-09',1,NULL),(2683,11,760,'16-10',1,NULL),(2684,11,761,'16-11',1,NULL),(2685,11,762,'16-12',1,NULL),(2686,11,763,'16-13',1,NULL),(2687,11,764,'16-14',1,NULL),(2688,11,765,'16-15',1,NULL),(2689,11,766,'16-16',1,NULL),(2690,11,767,'16-17',1,NULL),(2691,11,768,'16-18',1,NULL),(2692,11,769,'16-19',1,NULL),(2693,11,770,'16-20',1,NULL),(2694,11,771,'16-21',1,NULL),(2695,11,772,'16-22',1,NULL),(2696,11,773,'16-23',1,NULL),(2697,11,774,'16-24',1,NULL),(2698,11,775,'16-25',1,NULL),(2699,11,776,'16-26',1,NULL),(2700,11,777,'16-27',1,NULL),(2701,11,778,'16-28',1,NULL),(2702,11,779,'16-29',1,NULL),(2703,11,780,'16-30',1,NULL),(2704,11,781,'16-31',1,NULL),(2705,11,782,'16-32',1,NULL),(2706,11,783,'16-33',1,NULL),(2707,11,784,'16-34',1,NULL),(2708,11,785,'16-35',1,NULL),(2709,11,786,'16-36',1,NULL),(2710,11,787,'16-37',1,NULL),(2711,11,788,'16-38',1,NULL),(2712,11,789,'16-39',1,NULL),(2713,11,790,'16-40',1,NULL),(2714,11,791,'16-41',1,NULL),(2715,11,792,'16-42',1,NULL),(2716,11,793,'16-43',1,NULL),(2717,11,794,'16-44',1,NULL),(2718,11,795,'16-45',1,NULL),(2719,11,796,'16-46',1,NULL),(2720,11,797,'16-47',1,NULL),(2721,11,798,'16-48',1,NULL),(2722,11,799,'16-49',1,NULL),(2723,11,800,'16-50',1,NULL),(2724,11,801,'17-01',1,NULL),(2725,11,802,'17-02',1,NULL),(2726,11,803,'17-03',1,NULL),(2727,11,804,'17-04',1,NULL),(2728,11,805,'17-05',1,NULL),(2729,11,806,'17-06',1,NULL),(2730,11,807,'17-07',1,NULL),(2731,11,808,'17-08',1,NULL),(2732,11,809,'17-09',1,NULL),(2733,11,810,'17-10',1,NULL),(2734,11,811,'17-11',1,NULL),(2735,11,812,'17-12',1,NULL),(2736,11,813,'17-13',1,NULL),(2737,11,814,'17-14',1,NULL),(2738,11,815,'17-15',1,NULL),(2739,11,816,'17-16',1,NULL),(2740,11,817,'17-17',1,NULL),(2741,11,818,'17-18',1,NULL),(2742,11,819,'17-19',1,NULL),(2743,11,820,'17-20',1,NULL),(2744,11,821,'17-21',1,NULL),(2745,11,822,'17-22',1,NULL),(2746,11,823,'17-23',1,NULL),(2747,11,824,'17-24',1,NULL),(2748,11,825,'17-25',1,NULL),(2749,11,826,'17-26',1,NULL),(2750,11,827,'17-27',1,NULL),(2751,11,828,'17-28',1,NULL),(2752,11,829,'17-29',1,NULL),(2753,11,830,'17-30',1,NULL),(2754,11,831,'17-31',1,NULL),(2755,11,832,'17-32',1,NULL),(2756,11,833,'17-33',1,NULL),(2757,11,834,'17-34',1,NULL),(2758,11,835,'17-35',1,NULL),(2759,11,836,'17-36',1,NULL),(2760,11,837,'17-37',1,NULL),(2761,11,838,'17-38',1,NULL),(2762,11,839,'17-39',1,NULL),(2763,11,840,'17-40',1,NULL),(2764,11,841,'17-41',1,NULL),(2765,11,842,'17-42',1,NULL),(2766,11,843,'17-43',1,NULL),(2767,11,844,'17-44',1,NULL),(2768,11,845,'17-45',1,NULL),(2769,11,846,'17-46',1,NULL),(2770,11,847,'17-47',1,NULL),(2771,11,848,'17-48',1,NULL),(2772,11,849,'17-49',1,NULL),(2773,11,850,'17-50',1,NULL),(2774,11,851,'18-01',1,NULL),(2775,11,852,'18-02',1,NULL),(2776,11,853,'18-03',1,NULL),(2777,11,854,'18-04',1,NULL),(2778,11,855,'18-05',1,NULL),(2779,11,856,'18-06',1,NULL),(2780,11,857,'18-07',1,NULL),(2781,11,858,'18-08',1,NULL),(2782,11,859,'18-09',1,NULL),(2783,11,860,'18-10',1,NULL),(2784,11,861,'18-11',1,NULL),(2785,11,862,'18-12',1,NULL),(2786,11,863,'18-13',1,NULL),(2787,11,864,'18-14',1,NULL),(2788,11,865,'18-15',1,NULL),(2789,11,866,'18-16',1,NULL),(2790,11,867,'18-17',1,NULL),(2791,11,868,'18-18',1,NULL),(2792,11,869,'18-19',1,NULL),(2793,11,870,'18-20',1,NULL),(2794,11,871,'18-21',1,NULL),(2795,11,872,'18-22',1,NULL),(2796,11,873,'18-23',1,NULL),(2797,11,874,'18-24',1,NULL),(2798,11,875,'18-25',1,NULL),(2799,11,876,'18-26',1,NULL),(2800,11,877,'18-27',1,NULL),(2801,11,878,'18-28',1,NULL),(2802,11,879,'18-29',1,NULL),(2803,11,880,'18-30',1,NULL),(2804,11,881,'18-31',1,NULL),(2805,11,882,'18-32',1,NULL),(2806,11,883,'18-33',1,NULL),(2807,11,884,'18-34',1,NULL),(2808,11,885,'18-35',1,NULL),(2809,11,886,'18-36',1,NULL),(2810,11,887,'18-37',1,NULL),(2811,11,888,'18-38',1,NULL),(2812,11,889,'18-39',1,NULL),(2813,11,890,'18-40',1,NULL),(2814,11,891,'18-41',1,NULL),(2815,11,892,'18-42',1,NULL),(2816,11,893,'18-43',1,NULL),(2817,11,894,'18-44',1,NULL),(2818,11,895,'18-45',1,NULL),(2819,11,896,'18-46',1,NULL),(2820,11,897,'18-47',1,NULL),(2821,11,898,'18-48',1,NULL),(2822,11,899,'18-49',1,NULL),(2823,11,900,'18-50',1,NULL);
/*!40000 ALTER TABLE `trainseat` ENABLE KEYS */;
UNLOCK TABLES;

--
-- Table structure for table `user`
--

DROP TABLE IF EXISTS `user`;
/*!40101 SET @saved_cs_client     = @@character_set_client */;
/*!40101 SET character_set_client = utf8 */;
CREATE TABLE `user` (
  `id` int(11) NOT NULL AUTO_INCREMENT,
  `userid` char(20) NOT NULL,
  `pwd` char(10) DEFAULT NULL,
  `email` varchar(100) DEFAULT NULL,
  `phone` char(16) DEFAULT NULL,
  `state` int(11) DEFAULT 0,
  `name` char(10) DEFAULT NULL,
  `writeday` date DEFAULT NULL,
  `oldPwd` char(10) DEFAULT NULL,
  PRIMARY KEY (`id`),
  UNIQUE KEY `userid` (`userid`)
) ENGINE=InnoDB AUTO_INCREMENT=5 DEFAULT CHARSET=utf8;
/*!40101 SET character_set_client = @saved_cs_client */;

--
-- Dumping data for table `user`
--

LOCK TABLES `user` WRITE;
/*!40000 ALTER TABLE `user` DISABLE KEYS */;
INSERT INTO `user` VALUES (2,'testtest','1234','test@naver.com','010-1234-5678',0,NULL,'2025-02-24',NULL),(3,'honggildong','RQLv','hong1234@naver.com','010-5468-2462',0,'홍길동','2025-02-26','D7cV'),(4,'superman','1234','superman123@kakao.com','010-5749-246',0,'슈퍼맨','2025-02-27',NULL);
/*!40000 ALTER TABLE `user` ENABLE KEYS */;
UNLOCK TABLES;
/*!40103 SET TIME_ZONE=@OLD_TIME_ZONE */;

/*!40101 SET SQL_MODE=@OLD_SQL_MODE */;
/*!40014 SET FOREIGN_KEY_CHECKS=@OLD_FOREIGN_KEY_CHECKS */;
/*!40014 SET UNIQUE_CHECKS=@OLD_UNIQUE_CHECKS */;
/*!40101 SET CHARACTER_SET_CLIENT=@OLD_CHARACTER_SET_CLIENT */;
/*!40101 SET CHARACTER_SET_RESULTS=@OLD_CHARACTER_SET_RESULTS */;
/*!40101 SET COLLATION_CONNECTION=@OLD_COLLATION_CONNECTION */;
/*!40111 SET SQL_NOTES=@OLD_SQL_NOTES */;

-- Dump completed on 2025-03-08  2:19:17
